text,subject,type,difficulty,unit,subtopic,marks,options,correctAnswer,explanation,tags,batch,branch,isPYQ,examYear,examName
The accounting equation is stated as:,Financial Accounting,mcq,easy,Journal and Accounting Equation,Accounting Equation and Dual Aspect,1,Assets = Capital - Liabilities|Assets = Liabilities + Capital|Assets + Capital = Liabilities|Capital = Assets + Liabilities,B,Assets equal the sum of outside claims (liabilities) and the owner's claims (capital).,financial,2026-27,B.Com,false,,
Recording a transaction in the journal for the first time is called:,Financial Accounting,mcq,easy,Journal and Accounting Equation,Journalising Transactions,1,Journalising|Ledgerising|Balancing off|Posting,A,The journal is the book of original entry.,financial,2026-27,B.Com,false,,
When cash is received from a customer on account the entry is:,Financial Accounting,mcq,medium,Journal and Accounting Equation,Rules of Debit and Credit,1,Debit Cash and Credit the customer's account|Debit the customer's account and Credit Cash|Debit Cash and Credit Sales|Debit Sales and Credit Cash,A,Cash (asset) increases with a debit and the debtor's claim decreases with a credit.,financial,2026-27,B.Com,false,,
Every transaction affects at least two accounts in equal amounts. This is the:,Financial Accounting,true_false,easy,Journal and Accounting Equation,Accounting Equation and Dual Aspect,1,,True,This is the dual aspect concept of double entry book keeping.,financial,2026-27,B.Com,false,,
State the dual aspect concept of accounting.,Financial Accounting,short_answer,easy,Journal and Accounting Equation,Accounting Equation and Dual Aspect,2,,Every transaction has two equal and opposite effects so two entries (a debit and a credit) are recorded.,,financial,2026-27,B.Com,false,,
The ledger is called the book of:,Financial Accounting,mcq,easy,Ledger and Trial Balance,Ledger Posting and Balancing,1,Cash entry|Original entry|Final entry|Subsidiary entry only,C,The journal records transactions first and the ledger (final entry) groups them by account.,financial,2026-27,B.Com,false,,
The trial balance is prepared mainly to check the:,Financial Accounting,mcq,easy,Ledger and Trial Balance,Trial Balance Preparation,1,Solvency of the business|Efficiency of the staff|Profitability of the business|Arithmetic accuracy of ledger posting,D,Equality of total debits and credits detects one sided and amount errors.,financial,2026-27,B.Com,false,,
A cash account showing a credit balance in the trial balance indicates:,Financial Accounting,mcq,medium,Ledger and Trial Balance,Trial Balance Preparation,1,An overdrawn position|A credit sale|An arithmetical error only|A cash shortage,A,When the bank pays more than the business deposits the cash book balance becomes negative.,financial,2026-27,B.Com,false,,
The trial balance will NOT detect an error of omission. This statement is:,Financial Accounting,true_false,medium,Ledger and Trial Balance,Errors Disclosed and Not Disclosed,1,,True,When a transaction is completely left out both sides stay equal so the trial balance agrees.,financial,2026-27,B.Com,false,,
List any four errors that are not disclosed by the trial balance.,Financial Accounting,short_answer,medium,Ledger and Trial Balance,Errors Disclosed and Not Disclosed,2,,Errors of omission; errors of commission; errors of principle; and compensating errors.,,financial,2026-27,B.Com,false,,
The statement that shows the profit earned from trading is the:,Financial Accounting,mcq,easy,Financial Statements,Trading Account and Gross Profit,1,Balance Sheet|Cash Flow Statement|Profit and Loss Account|Trading Account,D,The trading account computes gross profit from sales and cost of goods sold.,financial,2026-27,B.Com,false,,
Gross profit is calculated as:,Financial Accounting,mcq,easy,Financial Statements,Trading Account and Gross Profit,1,Sales minus drawings|Net sales minus all expenses|Net sales minus cost of goods sold|Revenue plus capital,C,Cost of goods sold = opening stock + purchases + direct expenses - closing stock.,financial,2026-27,B.Com,false,,
Closing stock is shown:,Financial Accounting,mcq,medium,Financial Statements,Balance Sheet Classification,1,Only in the Balance Sheet|Only in the Trading Account|On the credit side of the Trading Account and as current asset in the Balance Sheet|Only in the Profit and Loss Account,C,It is valued for the trading account and reported as a current asset.,financial,2026-27,B.Com,false,,
A current liability such as a creditor is shown on the:,Financial Accounting,mcq,easy,Financial Statements,Balance Sheet Classification,1,Debit side of the Trading Account|Credit side of the P and L Account only|Assets side of the Balance Sheet|Liabilities side of the Balance Sheet,D,Liabilities and capital appear on the liabilities side of the balance sheet.,financial,2026-27,B.Com,false,,
Distinguish between gross profit and net profit.,Financial Accounting,short_answer,medium,Financial Statements,Profit and Loss Account,2,,Gross profit is sales minus cost of goods sold; net profit is gross profit minus operating expenses plus non operating incomes.,,financial,2026-27,B.Com,false,,
A bank reconciliation statement is prepared to reconcile:,Financial Accounting,mcq,easy,Bank Reconciliation and Depreciation,Bank Reconciliation Statement,1,Sales with debtors|Assets with liabilities|The cash book balance with the pass book balance|The trial balance with the balance sheet,C,It explains differences such as cheques not presented and bank charges not recorded.,financial,2026-27,B.Com,false,,
A cheque deposited and recorded in the cash book but not yet cleared by the bank is in the BRS:,Financial Accounting,mcq,hard,Bank Reconciliation and Depreciation,Bank Reconciliation Statement,1,Deducted from the pass book balance|Added to the pass book balance|Ignored completely|Debited in the pass book,B,The pass book has not yet received the credit so it is added to reach the cash book figure.,financial,2026-27,B.Com,false,,
Depreciation is charged because of:,Financial Accounting,mcq,easy,Bank Reconciliation and Depreciation,Depreciation Concepts and Causes,1,Physical wear and tear only|Obsolescence only|The passage of time; wear and tear; and obsolescence|Capital loss only,C,The service potential of a fixed asset falls for all three reasons.,financial,2026-27,B.Com,false,,
Under the straight line method the depreciation charge each year is the same on the original cost.,Financial Accounting,true_false,easy,Bank Reconciliation and Depreciation,Methods of Depreciation,1,,True,A fixed percentage of the original cost is charged until the asset is fully depreciated.,financial,2026-27,B.Com,false,,
State any three methods of providing depreciation.,Financial Accounting,short_answer,medium,Bank Reconciliation and Depreciation,Methods of Depreciation,2,,Straight line method; diminishing balance method; and units of production method.,,financial,2026-27,B.Com,false,,
A valid contract requires:,Commercial Law,mcq,easy,Indian Contract Act,Essentials of a Valid Contract,1,Offer and acceptance only|Free consent; lawful consideration; competent parties; and a lawful object|A written document only|Stamp paper only,B,All the essentials under the Indian Contract Act 1872 must be present together.,commercial,2026-27,B.Com,false,,
Coercion in the Indian Contract Act means:,Commercial Law,mcq,medium,Indian Contract Act,Free Consent and Discharge,1,A written notice|An expression of two or more meanings|Obtaining consent by unlawful pressure or threat|A casual promise,C,Coercion vitiates free consent and makes the contract voidable.,commercial,2026-27,B.Com,false,,
A contract may come to an end by performance; mutual agreement; or lapse of time. This statement is:,Commercial Law,true_false,easy,Indian Contract Act,Free Consent and Discharge,1,,True,These are the standard modes of discharge of a contract.,commercial,2026-27,B.Com,false,,
List the essentials of a valid contract under the Indian Contract Act.,Commercial Law,short_answer,medium,Indian Contract Act,Essentials of a Valid Contract,2,,Offer and acceptance; intention to create legal relation; competent parties; free consent; lawful consideration; lawful object; and it must not be declared void.,,commercial,2026-27,B.Com,false,,
In the absence of a special agreement risk normally follows:,Commercial Law,mcq,medium,Sale of Goods,Goods Risk and Transfer of Property,1,Payment|The invoice date|Delivery|Title,D,Where property passes the loss by destruction falls on the owner even before delivery.,commercial,2026-27,B.Com,false,,
A sale of goods is complete when:,Commercial Law,mcq,easy,Sale of Goods,Sale and Agreement to Sell,1,Property in the goods passes from the seller to the buyer|The goods reach the buyer|The invoice is issued|The full price is paid,A,Transfer of property is the defining moment of sale.,commercial,2026-27,B.Com,false,,
Goods under the Sale of Goods Act include:,Commercial Law,mcq,easy,Sale of Goods,Goods Risk and Transfer of Property,1,Shares in a company|Money only|All movable property other than money and actionable claims|Land and buildings,C,The Act covers movables such as stock and growing crops but not money or intangible claims.,commercial,2026-27,B.Com,false,,
In a sale on approval the buyer may test the goods and return them if not satisfied. This statement is:,Commercial Law,true_false,medium,Sale of Goods,Goods Risk and Transfer of Property,1,,True,Property passes only when the buyer approves or keeps the goods beyond the allowed time.,commercial,2026-27,B.Com,false,,
State the conditions implied under the Sale of Goods Act.,Commercial Law,short_answer,medium,Sale of Goods,Conditions and Warranties,2,,Seller's title; merchantable quality; fitness for the particular purpose; and correspondence with description.,,commercial,2026-27,B.Com,false,,
A cheque is a negotiable instrument under:,Commercial Law,mcq,easy,Negotiable Instruments,Bill of Exchange and Cheque,1,The Negotiable Instruments Act|The Sales Tax Act|The Companies Act|The Indian Contract Act,A,The Negotiable Instruments Act 1881 governs promissory notes; bills of exchange; and cheques.,commercial,2026-27,B.Com,false,,
A bill of exchange is a written instruction:,Commercial Law,mcq,medium,Negotiable Instruments,Bill of Exchange and Cheque,1,From the buyer to the seller|From the bank to the customer only|From the government to the citizen|From the drawer to the drawee to pay a certain sum to the order of a person,D,It involves three parties: the drawer; the drawee; and the payee.,commercial,2026-27,B.Com,false,,
A promissory note is made and signed by the debtor who promises to pay. This statement is:,Commercial Law,true_false,easy,Negotiable Instruments,Promissory Note,1,,True,The maker of a note is the principal debtor and only two parties are involved.,commercial,2026-27,B.Com,false,,
Distinguish between a promissory note and a bill of exchange.,Commercial Law,short_answer,medium,Negotiable Instruments,Promissory Note,2,,A note is a written promise by the maker to pay and has two parties; a bill is a written order from drawer to drawee and has three parties; a note needs no acceptance.,,commercial,2026-27,B.Com,false,,
The Consumer Protection Act 2019 replaced the:,Commercial Law,mcq,easy,Consumer Protection,Consumer Protection Act 2019,1,Contract Act of 1872|Sale of Goods Act of 1930|Companies Act of 2013|Act of 1986,D,The 2019 Act introduced e commerce protection and a three level commission structure.,commercial,2026-27,B.Com,false,,
A dissatisfied consumer may approach the:,Commercial Law,mcq,easy,Consumer Protection,Consumer Disputes Redressal,1,Appropriate Consumer Disputes Redressal Commission|Police station only|A private arbitration tribunal only|Supreme Court only,A,Complaints go to the district; state; or national commission depending on the value of the claim.,commercial,2026-27,B.Com,false,,
Deficiency in service means any fault or lack in the quality or standard of service. This statement is:,Commercial Law,true_false,medium,Consumer Protection,Consumer Disputes Redressal,1,,True,It covers poor quality; delay; and non performance of promised services.,commercial,2026-27,B.Com,false,,
The basic consumer rights include the right to safety; information; choice; and redressal. This statement is:,Commercial Law,true_false,easy,Consumer Protection,Consumer Rights,1,,True,The Act also lists the right to be heard and consumer education.,commercial,2026-27,B.Com,false,,
List any four rights of a consumer under the Consumer Protection Act.,Commercial Law,short_answer,medium,Consumer Protection,Consumer Protection Act 2019,2,,Right to safety; right to be informed; right to choose; right to redressal; right to be heard; and consumer education.,,commercial,2026-27,B.Com,false,,
The probability of an impossible event is:,Business Mathematics,mcq,easy,Probability and Statistics,Probability of Events,1,0.5|-1|1|0,D,An impossible event never occurs so its probability is zero.,business,2026-27,B.Com,false,,
The sum of the probabilities of all outcomes of a random experiment is:,Business Mathematics,mcq,easy,Probability and Statistics,Probability of Events,1,Undefined|0|1|Greater than 1,C,All possible outcomes together are certain so their probabilities add to one.,business,2026-27,B.Com,false,,
The standard deviation is the square root of the:,Business Mathematics,mcq,medium,Probability and Statistics,Measures of Dispersion and Central Tendency,1,Median|Mode|Range|Variance,D,It expresses the average spread of data around the mean in the original units.,business,2026-27,B.Com,false,,
The mean of a grouped frequency distribution can be estimated by the step deviation method. This statement is:,Business Mathematics,true_false,medium,Probability and Statistics,Measures of Dispersion and Central Tendency,1,,True,It is a shortcut of the assumed mean method that works on small coded deviations.,business,2026-27,B.Com,false,,
An index number expresses the:,Business Mathematics,mcq,easy,Index Numbers,Uses and Consumer Price Index,1,Quantity of goods produced|Absolute change in a single item|Relative change in a group of related variables|Only a single price,C,It measures percentage change of a group of prices; quantities; or values against a base period.,business,2026-27,B.Com,false,,
The simple aggregate method of constructing a price index is also called the:,Business Mathematics,mcq,medium,Index Numbers,Construction of Index Numbers,1,Geometric method|Arithmetic method|Weighted method|Fisher method,B,It divides the aggregate of current prices by the aggregate of base prices and multiplies by 100.,business,2026-27,B.Com,false,,
Fishers ideal index number is the geometric mean of the:,Business Mathematics,mcq,medium,Index Numbers,Laspeyres Fisher and Marshalls Indices,1,Laspeyres and Paasche indices|Base year and current year prices|Quantity index and price index|Two aggregate indices,A,It satisfies the time reversal and factor reversal tests.,business,2026-27,B.Com,false,,
A consumer price index is mainly useful for measuring household inflation. This statement is:,Business Mathematics,true_false,easy,Index Numbers,Uses and Consumer Price Index,1,,True,It tracks price changes of a fixed basket of consumer goods and services.,business,2026-27,B.Com,false,,
The four components of a time series are:,Business Mathematics,mcq,easy,Time Series,Components of a Time Series,1,Debit; credit; balance; and total|Input; output; stock; and flow|Trend; seasonal; cyclical; and irregular|Mean; median; mode; and range,C,Any observed value is modeled as a combination of these four forces.,business,2026-27,B.Com,false,,
The long term rising or falling movement in data is called the:,Business Mathematics,mcq,easy,Time Series,Trend and Seasonal Variation,1,Business cycle|Seasonal variation|Trend|Irregular variation,C,It is the secular movement that shows the general direction of the series.,business,2026-27,B.Com,false,,
Seasonal variation is a change within a year that repeats regularly. This statement is:,Business Mathematics,true_false,medium,Time Series,Trend and Seasonal Variation,1,,True,Examples are holiday shopping peaks and monsoon demand patterns.,business,2026-27,B.Com,false,,
The moving average method is used to estimate the:,Business Mathematics,mcq,medium,Time Series,Trend and Seasonal Variation,1,Irregular variation only|Random error only|Trend|Mode,C,Averaging over a window smooths seasonal and irregular fluctuations to reveal the trend.,business,2026-27,B.Com,false,,
In a linear programming problem the objective is to:,Business Mathematics,mcq,easy,Linear Programming,Formulation of an LPP,1,Compute a determinant|Balance the books of account|Maximize or minimize a linear function subject to linear constraints|Solve a quadratic equation,C,Both the objective function and the constraints must be linear.,business,2026-27,B.Com,false,,
The set of all feasible solutions of a linear programming problem is called the:,Business Mathematics,mcq,easy,Linear Programming,Feasible Region and Graphical Method,1,Dual region|Objective region|Feasible region|Shadow region,C,It is the common area satisfying every constraint including non negativity.,business,2026-27,B.Com,false,,
The simplex method moves from one:,Business Mathematics,mcq,hard,Linear Programming,Simplex Method and Slack Variables,1,Center to the edge of the graph|Row to the next column|Random point to another random point|Corner point to an adjacent better corner point,D,An optimum of a linear program always lies at a vertex of the feasible region.,business,2026-27,B.Com,false,,
Slack variables are added to less than or equal to constraints to convert them into equations. This statement is:,Business Mathematics,true_false,medium,Linear Programming,Simplex Method and Slack Variables,1,,True,They represent the unused portion of a scarce resource.,business,2026-27,B.Com,false,,
State the steps of the graphical method for a two variable linear programming problem.,Business Mathematics,short_answer,medium,Linear Programming,Feasible Region and Graphical Method,2,,Plot each constraint line; shade the feasible region; evaluate the objective function at every corner point; and choose the corner that gives the best value.,,business,2026-27,B.Com,false,,
According to the law of demand a rise in price causes the quantity demanded to fall. This statement is:,Economics,true_false,easy,Demand and Supply,Law of Demand,1,,True,The inverse relation holds when other determinants remain unchanged (ceteris paribus).,economics,2026-27,B.Com,false,,
A shift of the demand curve (not a movement along it) is caused by:,Economics,mcq,medium,Demand and Supply,Market Equilibrium and Shifts,1,A change in consumer income|A change in the quantity demanded|A change in the price alone|A change in the own price of the good,A,Income; tastes; prices of related goods; expectations; and the number of buyers shift the curve.,economics,2026-27,B.Com,false,,
When demand rises and supply stays the same the equilibrium price:,Economics,mcq,easy,Demand and Supply,Market Equilibrium and Shifts,1,Falls|Rises|Stays the same|Becomes zero,B,The demand curve shifts right and the intersection moves up along the supply curve.,economics,2026-27,B.Com,false,,
The income method of computing national income adds up:,Economics,mcq,easy,National Income,Methods of Measuring National Income,1,Government debt|The factor incomes of all producers|Final consumer spending|Exports only,B,Wages; rent; interest; and profit are summed to get factor income at factor cost.,economics,2026-27,B.Com,false,,
GNP at market prices equals GDP at factor cost plus net factor income from abroad plus:,Economics,mcq,hard,National Income,GDP GNP and Per Capita Income,1,Indirect taxes minus subsidies|Subsidies minus indirect taxes|Depreciation|Interest on debt,A,Statistical adjustments convert factor cost into market prices.,economics,2026-27,B.Com,false,,
Per capita income is national income divided by the population. This statement is:,Economics,true_false,easy,National Income,GDP GNP and Per Capita Income,1,,True,It is used to compare the average income and living standard across countries.,economics,2026-27,B.Com,false,,
The output method computes national income as the sum of value added at each stage of production. This statement is:,Economics,true_false,medium,National Income,Methods of Measuring National Income,1,,True,Adding value added avoids double counting of intermediate goods.,economics,2026-27,B.Com,false,,
List three problems in the measurement of national income.,Economics,short_answer,medium,National Income,Measurement Problems,2,,Double counting; non monetary transactions such as home work; and the underground economy of unrecorded activity.,,economics,2026-27,B.Com,false,,
The functions of money include:,Economics,mcq,easy,Money and Banking,Functions and Kinds of Money,1,Only lending|Only payment of taxes|Only savings|Medium of exchange; store of value; and unit of account,D,These three are the classic functions recognized in monetary theory.,economics,2026-27,B.Com,false,,
The central bank of India is the:,Economics,mcq,easy,Money and Banking,Central Bank and Commercial Banks,1,State Bank of India|Reserve Bank of India|National Bank for Agriculture and Rural Development|Union Bank of India,B,The RBI acts as banker to the government and to commercial banks.,economics,2026-27,B.Com,false,,
The cash reserve ratio is the fraction of deposits that banks must keep with the RBI as cash. This statement is:,Economics,true_false,medium,Money and Banking,Monetary Policy and Credit Creation,1,,True,Raising the CRR reduces the money banks can lend and tightens liquidity.,economics,2026-27,B.Com,false,,
A country has a comparative advantage when it can produce a good at a:,Economics,mcq,medium,International Trade,Comparative Advantage and Free Trade,1,Higher absolute cost|Lower opportunity cost|Zero cost|Equal cost to others,B,Gains from trade arise from differences in opportunity costs not absolute costs.,economics,2026-27,B.Com,false,,
The main advantage of free trade is:,Economics,mcq,easy,International Trade,Comparative Advantage and Free Trade,1,Higher tariffs on imports|Reduced competition|Protection of infant industries|Efficient allocation of resources and higher consumer welfare,D,Resources move to their most productive use and consumers get variety at lower prices.,economics,2026-27,B.Com,false,,
The balance of payments is in equilibrium when the current account plus the capital account equals zero. This statement is:,Economics,true_false,hard,International Trade,Balance of Payments and Exchange Rates,1,,True,A deficit in one account is financed by a surplus in the other.,economics,2026-27,B.Com,false,,
A depreciation of the rupee makes:,Economics,mcq,medium,International Trade,Balance of Payments and Exchange Rates,1,International trade impossible|Indian exports cheaper for foreign buyers|Imports cheaper for Indians|Both exports and imports cheaper,B,Foreign buyers need fewer of their own currency units for the same rupee price.,economics,2026-27,B.Com,false,,
If assets are 500000 and outside liabilities are 200000 then capital is:,Financial Accounting,mcq,easy,Journal and Accounting Equation,Accounting Equation and Dual Aspect,1,700000|200000|500000|300000,D,Capital = Assets - Liabilities = 500000 - 200000 = 300000.,financial,2026-27,B.Com,false,,
Assets 800000 and Capital 500000 implies liabilities of:,Financial Accounting,mcq,medium,Journal and Accounting Equation,Accounting Equation and Dual Aspect,1,500000|300000|1300000|800000,B,Liabilities = Assets - Capital = 800000 - 500000 = 300000.,financial,2026-27,B.Com,false,,
The accounting equation always stays in balance because every transaction has a dual effect.,Financial Accounting,true_false,easy,Journal and Accounting Equation,Accounting Equation and Dual Aspect,1,,True,Each transaction debits and credits equal amounts.,financial,2026-27,B.Com,false,,
Purchasing goods for cash changes which two elements of the accounting equation?,Financial Accounting,short_answer,medium,Journal and Accounting Equation,Accounting Equation and Dual Aspect,2,,Stock (an asset) increases and cash (an asset) decreases by the same amount so total assets are unchanged.,One asset is exchanged for another.,financial,2026-27,B.Com,false,,
A journal entry that involves more than two accounts is called a:,Financial Accounting,mcq,easy,Journal and Accounting Equation,Journalising Transactions,1,Opening entry|Adjusting entry|Compound entry|Simple entry,C,A compound entry records several debits or credits in one entry.,financial,2026-27,B.Com,false,,
The brief explanation written below a journal entry is called the:,Financial Accounting,mcq,easy,Journal and Accounting Equation,Journalising Transactions,1,Voucher|Narration|Folio|Particulars,B,The narration states why the entry was made.,financial,2026-27,B.Com,false,,
Journal entries are recorded in chronological order.,Financial Accounting,true_false,easy,Journal and Accounting Equation,Journalising Transactions,1,,True,The journal is a day book so entries follow the date of the transaction.,financial,2026-27,B.Com,false,,
State the double entry rule followed while journalising a transaction.,Financial Accounting,short_answer,easy,Journal and Accounting Equation,Journalising Transactions,2,,Debit what comes in or the receiver and credit what goes out or the giver; for every debit there is an equal credit.,,financial,2026-27,B.Com,false,,
An increase in a liability account is recorded as a:,Financial Accounting,mcq,easy,Journal and Accounting Equation,Rules of Debit and Credit,1,Not recorded|Credit|Debit|Either debit or credit,B,Liabilities and capital increase on the credit side.,financial,2026-27,B.Com,false,,
Losses and expenses are always:,Financial Accounting,mcq,easy,Journal and Accounting Equation,Rules of Debit and Credit,1,Capitalised|Debited|Credited|Ignored,B,Expenses reduce capital so they are debited.,financial,2026-27,B.Com,false,,
An increase in an asset is recorded on the debit side of its account.,Financial Accounting,true_false,easy,Journal and Accounting Equation,Rules of Debit and Credit,1,,True,Assets increase by debit and decrease by credit.,financial,2026-27,B.Com,false,,
State the modern rule of debit and credit based on the five groups of accounts.,Financial Accounting,short_answer,medium,Journal and Accounting Equation,Rules of Debit and Credit,2,,Debit increases in assets and expenses and decreases in liabilities capital and income; credit the opposite.,,financial,2026-27,B.Com,false,,
The process of transferring journal entries to the ledger is called:,Financial Accounting,mcq,easy,Ledger and Trial Balance,Ledger Posting and Balancing,1,Balancing|Casting|Posting|Journalising,C,Posting classifies transactions account wise in the ledger.,financial,2026-27,B.Com,false,,
The ledger is also known as the:,Financial Accounting,mcq,easy,Ledger and Trial Balance,Ledger Posting and Balancing,1,Subsidiary book|Memorandum book|Principal book of account|Book of original entry,C,All accounts are finally classified in the ledger.,financial,2026-27,B.Com,false,,
Balancing off an account means finding the difference between its debit and credit totals.,Financial Accounting,true_false,easy,Ledger and Trial Balance,Ledger Posting and Balancing,1,,True,The difference is carried down as the closing balance.,financial,2026-27,B.Com,false,,
What does a debit balance in a personal account indicate?,Financial Accounting,short_answer,medium,Ledger and Trial Balance,Ledger Posting and Balancing,2,,It indicates that the person owes money to the business i.e. a debtor.,,financial,2026-27,B.Com,false,,
A trial balance is prepared from the balances of:,Financial Accounting,mcq,easy,Ledger and Trial Balance,Trial Balance Preparation,1,Subsidiary books only|Ledger accounts|Journal entries|Cash book only,B,It lists every ledger account balance in debit and credit columns.,financial,2026-27,B.Com,false,,
The two sides of a trial balance must always agree in total.,Financial Accounting,true_false,easy,Ledger and Trial Balance,Trial Balance Preparation,1,,True,Equal totals are the arithmetical check on posting.,financial,2026-27,B.Com,false,,
Stock in hand appearing in the trial balance is shown only in the:,Financial Accounting,mcq,medium,Ledger and Trial Balance,Trial Balance Preparation,1,Balance sheet|Trading account|Profit and loss account|Journal,A,Closing stock in the trial balance means it was already adjusted so it appears only as an asset.,financial,2026-27,B.Com,false,,
State the two methods of preparing a trial balance.,Financial Accounting,short_answer,medium,Ledger and Trial Balance,Trial Balance Preparation,2,,The balance method which lists account balances and the totals method which lists debit and credit totals of each account.,,financial,2026-27,B.Com,false,,
Which error IS disclosed by a trial balance?,Financial Accounting,mcq,medium,Ledger and Trial Balance,Errors Disclosed and Not Disclosed,1,Wrong posting to a similar account|Compensating error|Posting only the debit half of an entry|Complete omission of a transaction,C,A one sided error disturbs the equality of the two totals.,financial,2026-27,B.Com,false,,
An error of principle such as treating the purchase of machinery as a purchase of goods is disclosed by the trial balance.,Financial Accounting,true_false,medium,Ledger and Trial Balance,Errors Disclosed and Not Disclosed,1,,False,Both sides are still equal so the trial balance agrees.,financial,2026-27,B.Com,false,,
Where are petty discrepancies temporarily recorded until the cause is found?,Financial Accounting,short_answer,easy,Ledger and Trial Balance,Errors Disclosed and Not Disclosed,2,,In the suspense account.,,financial,2026-27,B.Com,false,,
Distinguish between an error of omission and an error of commission.,Financial Accounting,short_answer,medium,Ledger and Trial Balance,Errors Disclosed and Not Disclosed,2,,An error of omission is not recording a transaction at all while an error of commission is recording it wrongly in amount account or side.,,financial,2026-27,B.Com,false,,
Which expense appears in the trading account?,Financial Accounting,mcq,easy,Financial Statements,Trading Account and Gross Profit,1,Rent of office|Bad debts|Carriage inwards|Office salary,C,Carriage inwards is a direct expense on goods purchased.,financial,2026-27,B.Com,false,,
Gross profit is the excess of:,Financial Accounting,mcq,easy,Financial Statements,Trading Account and Gross Profit,1,Income over all expenses|Assets over liabilities|Net sales over cost of goods sold|Sales over purchases,C,Cost of goods sold is opening stock plus purchases plus direct expenses less closing stock.,financial,2026-27,B.Com,false,,
The trading account shows the operating expenses of the business.,Financial Accounting,true_false,easy,Financial Statements,Trading Account and Gross Profit,1,,False,Indirect and operating expenses go to the profit and loss account.,financial,2026-27,B.Com,false,,
State the formula for cost of goods sold.,Financial Accounting,short_answer,easy,Financial Statements,Trading Account and Gross Profit,2,,Opening stock plus purchases plus direct expenses minus closing stock.,,financial,2026-27,B.Com,false,,
Net profit is transferred to which account?,Financial Accounting,mcq,easy,Financial Statements,Profit and Loss Account,1,Reserve account|Capital account|Drawings account|Trading account,B,Net profit increases the proprietor's capital.,financial,2026-27,B.Com,false,,
Office salaries are classified in the profit and loss account as:,Financial Accounting,mcq,medium,Financial Statements,Profit and Loss Account,1,Capital expenditure|Indirect expenses|Direct expenses|Cost of goods sold,B,They are administrative expenses not linked to production.,financial,2026-27,B.Com,false,,
The profit and loss account is prepared for a period whereas the balance sheet is prepared as on a date.,Financial Accounting,true_false,easy,Financial Statements,Profit and Loss Account,1,,True,One is a period statement and the other a position statement.,financial,2026-27,B.Com,false,,
State any two items that appear on the credit side of a profit and loss account.,Financial Accounting,short_answer,easy,Financial Statements,Profit and Loss Account,2,,Gross profit brought down and other incomes such as discount received or commission received.,,financial,2026-27,B.Com,false,,
Prepaid insurance in a balance sheet is shown as a:,Financial Accounting,mcq,easy,Financial Statements,Balance Sheet Classification,1,Current asset|Current liability|Fixed asset|Contingent liability,A,It is a payment made in advance so it is a short lived asset.,financial,2026-27,B.Com,false,,
Under the order of liquidity the balance sheet lists:,Financial Accounting,mcq,medium,Financial Statements,Balance Sheet Classification,1,Current assets before fixed assets|Fixed assets before current assets|Liabilities before assets|Capital before assets,A,Order of liquidity arranges assets by how quickly they convert to cash.,financial,2026-27,B.Com,false,,
Outstanding wages appear on the liabilities side of the balance sheet.,Financial Accounting,true_false,easy,Financial Statements,Balance Sheet Classification,1,,True,They are an amount owed so they are a current liability.,financial,2026-27,B.Com,false,,
Distinguish between a contingent liability and a current liability.,Financial Accounting,short_answer,medium,Financial Statements,Balance Sheet Classification,2,,A contingent liability may or may not arise depending on a future event and is shown as a footnote while a current liability is a definite obligation due within a year.,,financial,2026-27,B.Com,false,,
A bank reconciliation statement is prepared by:,Financial Accounting,mcq,easy,Bank Reconciliation and Depreciation,Bank Reconciliation Statement,1,The business entity|The bank|The auditor only|The Reserve Bank,A,It is an internal statement reconciling the cash book with the pass book.,financial,2026-27,B.Com,false,,
A cheque issued but not yet presented for payment causes the:,Financial Accounting,mcq,medium,Bank Reconciliation and Depreciation,Bank Reconciliation Statement,1,Pass book balance to be higher than the cash book|Cash book balance to be higher than the pass book|Two balances to be equal|Bank to charge interest,A,The bank has not yet paid so its recorded balance stays higher.,financial,2026-27,B.Com,false,,
Bank charges appearing in the pass book but not in the cash book are added while preparing the statement starting from the cash book balance.,Financial Accounting,true_false,hard,Bank Reconciliation and Depreciation,Bank Reconciliation Statement,1,,False,They reduce the bank balance so they are deducted.,financial,2026-27,B.Com,false,,
State any two causes of difference between the cash book and the pass book.,Financial Accounting,short_answer,easy,Bank Reconciliation and Depreciation,Bank Reconciliation Statement,2,,Cheques issued but not presented and cheques deposited but not cleared; also bank charges or interest recorded only by the bank.,,financial,2026-27,B.Com,false,,
Depreciation on a fixed asset is:,Financial Accounting,mcq,easy,Bank Reconciliation and Depreciation,Depreciation Concepts and Causes,1,A gradual loss of value through use and time|A sudden fall in market price|An expense paid in cash each year|A reserve created out of profit,A,It allocates the cost of the asset over its useful life.,financial,2026-27,B.Com,false,,
Depreciation on buildings is charged even though their market value may rise.,Financial Accounting,true_false,medium,Bank Reconciliation and Depreciation,Depreciation Concepts and Causes,1,,True,Depreciation is about using up the asset's service potential not about market prices.,financial,2026-27,B.Com,false,,
Is depreciation a cash expense?,Financial Accounting,short_answer,easy,Bank Reconciliation and Depreciation,Depreciation Concepts and Causes,2,,No. It is a non cash charge; the cash left the business when the asset was bought.,,financial,2026-27,B.Com,false,,
Explain obsolescence as a cause of depreciation.,Financial Accounting,short_answer,medium,Bank Reconciliation and Depreciation,Depreciation Concepts and Causes,2,,Obsolescence is the loss of usefulness because a newer technology replaces the asset before its physical life ends.,,financial,2026-27,B.Com,false,,
A machine costs 100000 with a scrap value of 10000 and a useful life of 9 years. The annual straight line depreciation is:,Financial Accounting,numerical,medium,Bank Reconciliation and Depreciation,Methods of Depreciation,1,,10000,(Cost - Scrap) / Life = (100000 - 10000) / 9 = 10000 per year.,financial,2026-27,B.Com,false,,
Under the written down value method depreciation is calculated on:,Financial Accounting,mcq,easy,Bank Reconciliation and Depreciation,Methods of Depreciation,1,The book value at the beginning of the year|The original cost every year|The scrap value|The market value,A,So the charge falls every year as the balance reduces.,financial,2026-27,B.Com,false,,
The straight line method charges an equal amount of depreciation every year.,Financial Accounting,true_false,easy,Bank Reconciliation and Depreciation,Methods of Depreciation,1,,True,A fixed percentage of the original cost is charged.,financial,2026-27,B.Com,false,,
Which method of depreciation suits an asset whose usage can be measured in output units?,Financial Accounting,short_answer,easy,Bank Reconciliation and Depreciation,Methods of Depreciation,2,,The units of production method.,,financial,2026-27,B.Com,false,,
An invitation to treat is best illustrated by:,Commercial Law,mcq,easy,Indian Contract Act,Essentials of a Valid Contract,1,An acceptance by phone|Goods displayed in a shop with price tags|A bid at an auction|An offer by letter,B,A display invites customers to make an offer; it is not itself an offer.,commercial,2026-27,B.Com,false,,
Which is NOT an essential of a valid contract?,Commercial Law,mcq,easy,Indian Contract Act,Essentials of a Valid Contract,1,Lawful consideration|Free consent|Lawful object|It must be in writing in every case,D,An oral contract is valid unless a statute requires writing.,commercial,2026-27,B.Com,false,,
An agreement without consideration is generally:,Commercial Law,mcq,medium,Indian Contract Act,Essentials of a Valid Contract,1,Voidable|Illegal|Void|Valid,C,Consideration is essential subject to the exceptions in Section 25.,commercial,2026-27,B.Com,false,,
State any four essentials of a valid contract.,Commercial Law,short_answer,easy,Indian Contract Act,Essentials of a Valid Contract,2,,Offer and acceptance; intention to create legal relations; lawful consideration; capacity of parties; free consent; lawful object; certainty and possibility of performance.,,commercial,2026-27,B.Com,false,,
Consideration must be:,Commercial Law,mcq,easy,Indian Contract Act,Consideration and Capacity,1,Always equal to the value of the promise|Always in money|Always paid in advance|Real and of some value in the eyes of law,D,It need not be adequate but it must be real and lawful.,commercial,2026-27,B.Com,false,,
A minor's agreement is:,Commercial Law,mcq,medium,Indian Contract Act,Consideration and Capacity,1,Void ab initio|Voidable at the minor's option|Valid if the guardian signs|Valid for necessities only,A,The Mohori Bibee case settled that a minor cannot contract.,commercial,2026-27,B.Com,false,,
Past consideration given at the desire of the promisor is valid consideration in India.,Commercial Law,true_false,medium,Indian Contract Act,Consideration and Capacity,1,,True,Section 2(d) expressly includes past consideration.,commercial,2026-27,B.Com,false,,
Who is said to be of sound mind for the purpose of making a contract?,Commercial Law,short_answer,easy,Indian Contract Act,Consideration and Capacity,2,,A person who at the time of making the contract is capable of understanding it and of forming a rational judgement about its effect on his interests.,,commercial,2026-27,B.Com,false,,
Consent obtained by threatening to kill a person amounts to:,Commercial Law,mcq,easy,Indian Contract Act,Free Consent and Discharge,1,Undue influence|Misrepresentation|Mistake|Coercion,D,Coercion is committing or threatening any act forbidden by the IPC.,commercial,2026-27,B.Com,false,,
A false statement of fact made without intent to deceive is:,Commercial Law,mcq,medium,Indian Contract Act,Free Consent and Discharge,1,Undue influence|Misrepresentation|Fraud|Coercion,B,Fraud requires the intention to deceive.,commercial,2026-27,B.Com,false,,
A contract is discharged by performance when both parties do what they promised.,Commercial Law,true_false,easy,Indian Contract Act,Free Consent and Discharge,1,,True,Performance is the most natural mode of discharge.,commercial,2026-27,B.Com,false,,
List any four modes by which a contract is discharged.,Commercial Law,short_answer,medium,Indian Contract Act,Free Consent and Discharge,2,,By performance; by mutual agreement or novation; by lapse of time; by impossibility or frustration; by breach.,,commercial,2026-27,B.Com,false,,
A sale and an agreement to sell differ mainly because in a sale:,Commercial Law,mcq,easy,Sale of Goods,Sale and Agreement to Sell,1,Only possession passes|The price is always unpaid|The goods must be future goods|Property in the goods passes immediately,D,An agreement to sell transfers property at a later date or on a condition.,commercial,2026-27,B.Com,false,,
Goods that exist and are owned by the seller at the time of contract are:,Commercial Law,mcq,easy,Sale of Goods,Sale and Agreement to Sell,1,Future goods|Contingent goods|Ascertained goods only|Existing goods,D,Future goods are yet to be produced or acquired.,commercial,2026-27,B.Com,false,,
In a sale the risk of loss passes to the buyer even if the goods are still with the seller.,Commercial Law,true_false,medium,Sale of Goods,Sale and Agreement to Sell,1,,True,Risk follows ownership unless the parties agree otherwise.,commercial,2026-27,B.Com,false,,
Define sale under the Sale of Goods Act 1930.,Commercial Law,short_answer,easy,Sale of Goods,Sale and Agreement to Sell,2,,A contract where the seller transfers or agrees to transfer the property in goods to the buyer for a price.,,commercial,2026-27,B.Com,false,,
In a sale on approval the property in the goods passes to the buyer when:,Commercial Law,mcq,medium,Sale of Goods,Goods Risk and Transfer of Property,1,The goods are delivered for trial|The price is fixed|The seller issues an invoice|The buyer signifies approval or keeps the goods beyond the trial period,D,Until then the goods remain the seller's and can be returned.,commercial,2026-27,B.Com,false,,
Under the Sale of Goods Act the term goods includes:,Commercial Law,mcq,easy,Sale of Goods,Goods Risk and Transfer of Property,1,Only movable articles|Money that is legal tender|Immovable property|Stocks and shares and growing crops,D,Goods means every kind of movable property other than actionable claims and money.,commercial,2026-27,B.Com,false,,
Unascertained goods can be the subject of an immediate sale.,Commercial Law,true_false,hard,Sale of Goods,Goods Risk and Transfer of Property,1,,False,Property cannot pass until the goods are ascertained.,commercial,2026-27,B.Com,false,,
What is meant by transfer of property in goods?,Commercial Law,short_answer,medium,Sale of Goods,Goods Risk and Transfer of Property,2,,It means the passing of ownership from the seller to the buyer.,,commercial,2026-27,B.Com,false,,
A stipulation essential to the main purpose of the contract is a:,Commercial Law,mcq,easy,Sale of Goods,Conditions and Warranties,1,Condition|Warranty|Representation|Caveat,A,Breach of a condition gives the right to repudiate the contract.,commercial,2026-27,B.Com,false,,
A breach of warranty gives the buyer the right to:,Commercial Law,mcq,medium,Sale of Goods,Conditions and Warranties,1,Claim damages only|Reject the goods|Treat the contract as void|Refuse to pay the price,A,A warranty is collateral so the contract survives.,commercial,2026-27,B.Com,false,,
Caveat emptor means let the buyer beware.,Commercial Law,true_false,easy,Sale of Goods,Conditions and Warranties,1,,True,It is the general rule subject to the implied conditions.,commercial,2026-27,B.Com,false,,
State the implied condition as to merchantable quality.,Commercial Law,short_answer,medium,Sale of Goods,Conditions and Warranties,2,,Goods sold by description must be of merchantable quality i.e. fit for the purpose for which such goods are usually bought.,,commercial,2026-27,B.Com,false,,
How many parties are there in a promissory note?,Commercial Law,mcq,easy,Negotiable Instruments,Promissory Note,1,Three — drawer drawee and payee|One only|Four|Two — maker and payee,D,The maker promises to pay the payee.,commercial,2026-27,B.Com,false,,
A promissory note must be:,Commercial Law,mcq,easy,Negotiable Instruments,Promissory Note,1,Oral and witnessed|Registered|Stamped by a notary|In writing and signed by the maker,D,An oral promise to pay is not a negotiable instrument.,commercial,2026-27,B.Com,false,,
A promissory note requires acceptance by the payee before it becomes valid.,Commercial Law,true_false,medium,Negotiable Instruments,Promissory Note,1,,False,Only a bill of exchange requires acceptance.,commercial,2026-27,B.Com,false,,
Can a promissory note be made payable to the maker himself?,Commercial Law,short_answer,easy,Negotiable Instruments,Promissory Note,2,,No. The maker and the payee cannot be the same person.,,commercial,2026-27,B.Com,false,,
A bill of exchange involves how many parties?,Commercial Law,mcq,easy,Negotiable Instruments,Bill of Exchange and Cheque,1,One|Three — drawer drawee and payee|Two|Four,B,The drawer orders the drawee to pay the payee.,commercial,2026-27,B.Com,false,,
A cheque is always drawn on:,Commercial Law,mcq,easy,Negotiable Instruments,Bill of Exchange and Cheque,1,A specified banker|Any person|The Reserve Bank only|A notary public,A,Section 6 defines a cheque as a bill drawn on a specified banker payable on demand.,commercial,2026-27,B.Com,false,,
A cheque is payable on demand and requires no acceptance.,Commercial Law,true_false,easy,Negotiable Instruments,Bill of Exchange and Cheque,1,,True,Unlike a bill it is never presented for acceptance.,commercial,2026-27,B.Com,false,,
What is meant by dishonour of a cheque?,Commercial Law,short_answer,easy,Negotiable Instruments,Bill of Exchange and Cheque,2,,The bank's refusal to pay the cheque usually for insufficient funds; the drawer can be liable under Section 138.,,commercial,2026-27,B.Com,false,,
A holder in due course must take the instrument:,Commercial Law,mcq,easy,Negotiable Instruments,Holder in Due Course,1,For consideration before maturity and in good faith|After maturity|Without consideration|Only by inheritance,A,Those three conditions give the holder a better title than the transferor.,commercial,2026-27,B.Com,false,,
A holder in due course takes the instrument free from defects in the title of the transferor.,Commercial Law,true_false,medium,Negotiable Instruments,Holder in Due Course,1,,True,That is the main privilege of being a holder in due course.,commercial,2026-27,B.Com,false,,
Crossing a cheque means:,Commercial Law,mcq,medium,Negotiable Instruments,Holder in Due Course,1,Cancelling the cheque|Signing it twice|Endorsing it to a third party|Drawing two parallel lines on its face so it is paid only through a bank,D,Crossing makes payment safer by routing it through a bank account.,commercial,2026-27,B.Com,false,,
Distinguish between a holder and a holder in due course.,Commercial Law,short_answer,medium,Negotiable Instruments,Holder in Due Course,2,,A holder is anyone entitled to possess the instrument and recover the amount due; a holder in due course is a holder who took it for consideration before maturity in good faith and without notice of any defect.,,commercial,2026-27,B.Com,false,,
Which Act did the Consumer Protection Act 2019 replace?,Commercial Law,mcq,easy,Consumer Protection,Consumer Protection Act 2019,1,The Indian Contract Act 1872|The Sale of Goods Act 1930|The Companies Act 2013|The Consumer Protection Act 1986,D,The 2019 Act widened the definition of consumer and added e-commerce.,commercial,2026-27,B.Com,false,,
Under the 2019 Act a person who buys goods for resale is:,Commercial Law,mcq,medium,Consumer Protection,Consumer Protection Act 2019,1,A consumer|A complainant|A beneficiary|Not a consumer,D,Commercial purpose excludes a buyer from the definition.,commercial,2026-27,B.Com,false,,
The Central Consumer Protection Authority was created by the 2019 Act.,Commercial Law,true_false,easy,Consumer Protection,Consumer Protection Act 2019,1,,True,It regulates matters relating to unfair trade practices and false advertising.,commercial,2026-27,B.Com,false,,
State any two changes brought in by the Consumer Protection Act 2019.,Commercial Law,short_answer,medium,Consumer Protection,Consumer Protection Act 2019,2,,Creation of the CCPA; inclusion of e-commerce and telemarketing; wider pecuniary jurisdiction; mediation cells; product liability.,,commercial,2026-27,B.Com,false,,
How many basic consumer rights are recognised in India?,Commercial Law,mcq,easy,Consumer Protection,Consumer Rights,1,Six|Four|Eight|Ten,A,Safety information choice representation redressal and consumer education.,commercial,2026-27,B.Com,false,,
The right to be protected against marketing of hazardous goods is the right to:,Commercial Law,mcq,easy,Consumer Protection,Consumer Rights,1,Safety|Choice|Redressal|Information,A,It is the first of the six rights.,commercial,2026-27,B.Com,false,,
The right to consumer education is one of the recognised consumer rights.,Commercial Law,true_false,easy,Consumer Protection,Consumer Rights,1,,True,It ensures consumers acquire the knowledge to make informed choices.,commercial,2026-27,B.Com,false,,
List the six rights of a consumer.,Commercial Law,short_answer,easy,Consumer Protection,Consumer Rights,2,,Right to safety; right to be informed; right to choose; right to be heard or represented; right to seek redressal; right to consumer education.,,commercial,2026-27,B.Com,false,,
The three tier consumer redressal machinery consists of:,Commercial Law,mcq,easy,Consumer Protection,Consumer Disputes Redressal,1,Lok Adalat and Arbitration only|Police Courts and Magistrates|District State and National Commissions|Civil High and Supreme Courts only,C,Each tier has its own pecuniary and territorial jurisdiction.,commercial,2026-27,B.Com,false,,
Deficiency in service means:,Commercial Law,mcq,medium,Consumer Protection,Consumer Disputes Redressal,1,Only a delay in service|A rude employee|Overcharging alone|Any fault imperfection or inadequacy in the quality or standard of service,D,The definition covers quality nature and manner of performance.,commercial,2026-27,B.Com,false,,
A consumer complaint can be filed only by the consumer who bought the goods personally.,Commercial Law,true_false,medium,Consumer Protection,Consumer Disputes Redressal,1,,False,A recognised voluntary organisation or the government may also complain.,commercial,2026-27,B.Com,false,,
What is an unfair trade practice?,Commercial Law,short_answer,medium,Consumer Protection,Consumer Disputes Redressal,2,,A trade practice that misrepresents the price quality or utility of goods or services to promote sale and causes loss or injury to a consumer.,,commercial,2026-27,B.Com,false,,
The probability of a sure event is:,Business Mathematics,mcq,easy,Probability and Statistics,Probability of Events,1,0|0.5|Infinity|1,D,Probability ranges from 0 for impossible to 1 for certain.,business,2026-27,B.Com,false,,
Two events that cannot occur together are called:,Business Mathematics,mcq,easy,Probability and Statistics,Probability of Events,1,Independent|Exhaustive|Equally likely|Mutually exclusive,D,For them P(A and B) = 0.,business,2026-27,B.Com,false,,
A single die is thrown. The probability of NOT getting a 6 is:,Business Mathematics,mcq,medium,Probability and Statistics,Probability of Events,1,1/36|6/5|5/6|1/6,C,P(not 6) = 1 - 1/6 = 5/6.,business,2026-27,B.Com,false,,
State the classical definition of probability.,Business Mathematics,short_answer,easy,Probability and Statistics,Probability of Events,2,,The ratio of the number of favourable equally likely outcomes to the total number of possible outcomes.,,business,2026-27,B.Com,false,,
The conditional probability of A given B equals:,Business Mathematics,mcq,easy,Probability and Statistics,Bayes Theorem and Conditional Probability,1,P(B) divided by P(A)|P(A and B) divided by P(B)|P(A) multiplied by P(B)|P(A) plus P(B),B,It is the probability of A given that B has occurred.,business,2026-27,B.Com,false,,
Bayes theorem is used to compute:,Business Mathematics,mcq,medium,Probability and Statistics,Bayes Theorem and Conditional Probability,1,A correlation coefficient|A posterior probability from prior probabilities|The mean of grouped data|The variance of a sample,B,It revises a prior belief using new evidence.,business,2026-27,B.Com,false,,
For two dependent events the joint probability equals the probability of the first event multiplied by the conditional probability of the second given the first.,Business Mathematics,true_false,medium,Probability and Statistics,Bayes Theorem and Conditional Probability,1,,True,That is the multiplication rule for dependent events.,business,2026-27,B.Com,false,,
State Bayes theorem in words.,Business Mathematics,short_answer,hard,Probability and Statistics,Bayes Theorem and Conditional Probability,2,,The probability of a cause given an observed effect equals the prior probability of that cause times the probability of the effect given the cause divided by the total probability of the effect.,,business,2026-27,B.Com,false,,
The standard deviation is:,Business Mathematics,mcq,easy,Probability and Statistics,Measures of Dispersion and Central Tendency,1,The square of the variance|The mean of the deviations|The largest deviation|The positive square root of the variance,D,It restores the unit of the original data.,business,2026-27,B.Com,false,,
Which measure of central tendency is not affected by extreme values?,Business Mathematics,mcq,easy,Probability and Statistics,Measures of Dispersion and Central Tendency,1,Weighted mean|Median|Arithmetic mean|Harmonic mean,B,The median depends on position not magnitude.,business,2026-27,B.Com,false,,
The coefficient of variation is expressed as a percentage.,Business Mathematics,true_false,easy,Probability and Statistics,Measures of Dispersion and Central Tendency,1,,True,It is the standard deviation divided by the mean times 100.,business,2026-27,B.Com,false,,
Why is the standard deviation considered the best measure of dispersion?,Business Mathematics,short_answer,medium,Probability and Statistics,Measures of Dispersion and Central Tendency,2,,It uses every observation is rigidly defined is capable of further algebraic treatment and is less affected by sampling fluctuations.,,business,2026-27,B.Com,false,,
In an index number the period against which comparisons are made is the:,Business Mathematics,mcq,easy,Index Numbers,Construction of Index Numbers,1,Base year|Current year|Average year|Reporting year,A,The base year value is taken as 100.,business,2026-27,B.Com,false,,
The simple aggregate price index is the ratio of:,Business Mathematics,mcq,medium,Index Numbers,Construction of Index Numbers,1,The sum of current year prices to the sum of base year prices times 100|The sum of quantities to the sum of prices|The geometric mean of relatives|The average of price relatives divided by 100,A,It is also called the aggregate index method.,business,2026-27,B.Com,false,,
Weights are used in a weighted index number.,Business Mathematics,true_false,easy,Index Numbers,Construction of Index Numbers,1,,True,Weights are usually the base year quantities or values.,business,2026-27,B.Com,false,,
State any two characteristics of an index number.,Business Mathematics,short_answer,easy,Index Numbers,Construction of Index Numbers,2,,It is a relative expressed in percentage form; it measures average change over time or space; it is based on a base period taken as 100.,,business,2026-27,B.Com,false,,
Laspeyres price index uses quantities of the:,Business Mathematics,mcq,easy,Index Numbers,Laspeyres Fisher and Marshalls Indices,1,Current year as weights|Average of both years|Value of imports|Base year as weights,D,Paasche uses current year quantities.,business,2026-27,B.Com,false,,
Fishers ideal index is the geometric mean of the:,Business Mathematics,mcq,medium,Index Numbers,Laspeyres Fisher and Marshalls Indices,1,Price and quantity indices|Base and current indices|Laspeyres and Paasche indices|Simple and weighted indices,C,It satisfies both the time reversal and factor reversal tests.,business,2026-27,B.Com,false,,
Fishers ideal index satisfies the time reversal test.,Business Mathematics,true_false,medium,Index Numbers,Laspeyres Fisher and Marshalls Indices,1,,True,Working forwards and backwards gives a consistent result.,business,2026-27,B.Com,false,,
Why is Fishers index called ideal?,Business Mathematics,short_answer,medium,Index Numbers,Laspeyres Fisher and Marshalls Indices,2,,Because it is based on both years' quantities and it alone satisfies the time reversal and factor reversal tests.,,business,2026-27,B.Com,false,,
The consumer price index is used mainly to measure:,Business Mathematics,mcq,easy,Index Numbers,Uses and Consumer Price Index,1,Government revenue|The change in the cost of living of a group of consumers|Industrial output|Company profits,B,It tracks the prices of a fixed basket of goods and services households buy.,business,2026-27,B.Com,false,,
Dearness allowance to employees is usually revised on the basis of the:,Business Mathematics,mcq,easy,Index Numbers,Uses and Consumer Price Index,1,Index of industrial production|Sensex|Consumer price index|Wholesale price index,C,It offsets inflation in the cost of living.,business,2026-27,B.Com,false,,
A consumer price index is mainly useful for measuring household inflation.,Business Mathematics,true_false,easy,Index Numbers,Uses and Consumer Price Index,1,,True,That is its principal use.,business,2026-27,B.Com,false,,
State any four uses of index numbers.,Business Mathematics,short_answer,medium,Index Numbers,Uses and Consumer Price Index,2,,Measuring inflation; revising wages and dearness allowance; guiding government policy; deflating nominal values to real values; comparing performance across periods or regions.,,business,2026-27,B.Com,false,,
Which is NOT a component of a time series?,Business Mathematics,mcq,easy,Time Series,Components of a Time Series,1,Cross sectional variation|Trend|Seasonal variation|Cyclical variation,A,The four components are trend seasonal cyclical and irregular.,business,2026-27,B.Com,false,,
The component that shows a long term direction in the data is the:,Business Mathematics,mcq,easy,Time Series,Components of a Time Series,1,Cyclical variation|Trend|Seasonal variation|Irregular variation,B,It reflects sustained growth or decline.,business,2026-27,B.Com,false,,
The irregular component of a time series can be predicted accurately.,Business Mathematics,true_false,easy,Time Series,Components of a Time Series,1,,False,It arises from unforeseen events such as floods or strikes.,business,2026-27,B.Com,false,,
Define a time series.,Business Mathematics,short_answer,easy,Time Series,Components of a Time Series,2,,A set of observations of a variable arranged in chronological order at equal time intervals.,,business,2026-27,B.Com,false,,
The moving average method is used to measure the:,Business Mathematics,mcq,easy,Time Series,Trend and Seasonal Variation,1,Cyclical amplitude|Trend|Seasonal index|Irregular component,B,It smooths short term fluctuations to reveal the trend.,business,2026-27,B.Com,false,,
Seasonal variation is measured over a period of:,Business Mathematics,mcq,easy,Time Series,Trend and Seasonal Variation,1,Five years|A business cycle|One year or less|Ten years,C,It repeats regularly within a year.,business,2026-27,B.Com,false,,
An even period moving average requires centring of the values.,Business Mathematics,true_false,medium,Time Series,Trend and Seasonal Variation,1,,True,The average falls between two periods so it is centred by a second two period average.,business,2026-27,B.Com,false,,
State the two commonly used methods of measuring trend.,Business Mathematics,short_answer,easy,Time Series,Trend and Seasonal Variation,2,,The graphic or freehand curve method and the method of least squares fitting a trend line.,,business,2026-27,B.Com,false,,
The business cycle consists of:,Business Mathematics,mcq,easy,Time Series,Business Cycle and Irregular Fluctuations,1,Inflation and deflation|Prosperity recession depression and recovery|Only boom and bust|Trend and seasonality,B,These four phases repeat over several years.,business,2026-27,B.Com,false,,
Cyclical variations are periodic and their period is fixed in advance.,Business Mathematics,true_false,medium,Time Series,Business Cycle and Irregular Fluctuations,1,,False,Each cycle differs in length and amplitude so they are not strictly periodic.,business,2026-27,B.Com,false,,
The business cycle is best described as:,Business Mathematics,mcq,medium,Time Series,Business Cycle and Irregular Fluctuations,1,A sudden jump caused by a disaster|A permanent shift in the level|Fluctuations about the trend over more than a year|A change within one year,C,It is a wave like movement around the long term trend.,business,2026-27,B.Com,false,,
Explain the concept of the business cycle.,Business Mathematics,short_answer,medium,Time Series,Business Cycle and Irregular Fluctuations,2,,It is the recurring rise and fall in economic activity over more than a year passing through prosperity recession depression and recovery phases.,,business,2026-27,B.Com,false,,
In a linear programming problem the objective function must be:,Business Mathematics,mcq,easy,Linear Programming,Formulation of an LPP,1,Constant|Non linear but differentiable|Linear in the decision variables|Quadratic,C,Linearity of both objective and constraints is what makes it an LPP.,business,2026-27,B.Com,false,,
The unknown quantities to be determined in an LPP are the:,Business Mathematics,mcq,easy,Linear Programming,Formulation of an LPP,1,Decision variables|Slack variables|Objective coefficients|Constraints,A,They are the quantities the manager controls.,business,2026-27,B.Com,false,,
The non negativity restriction means the decision variables cannot be negative.,Business Mathematics,true_false,easy,Linear Programming,Formulation of an LPP,1,,True,Quantities produced or purchased cannot be less than zero.,business,2026-27,B.Com,false,,
State the three components of a linear programming problem.,Business Mathematics,short_answer,easy,Linear Programming,Formulation of an LPP,2,,An objective function to be maximised or minimised; a set of linear constraints; and non negativity restrictions on the decision variables.,,business,2026-27,B.Com,false,,
The feasible region of an LPP is:,Business Mathematics,mcq,easy,Linear Programming,Feasible Region and Graphical Method,1,The set of corner points only|The set of points satisfying all constraints simultaneously|The set of optimal points|The area above the objective line,B,It is the common region of all the constraints including non negativity.,business,2026-27,B.Com,false,,
In the graphical method the optimal value occurs at:,Business Mathematics,mcq,medium,Linear Programming,Feasible Region and Graphical Method,1,Any interior point|A corner point of the feasible region|The centre of the region|The origin always,B,That is the corner point theorem.,business,2026-27,B.Com,false,,
The feasible region of a linear programming problem is always a convex set.,Business Mathematics,true_false,medium,Linear Programming,Feasible Region and Graphical Method,1,,True,It is bounded by straight lines so any line segment between two feasible points is feasible.,business,2026-27,B.Com,false,,
State the steps of the graphical method for a two variable LPP.,Business Mathematics,short_answer,medium,Linear Programming,Feasible Region and Graphical Method,2,,Convert each inequality to an equation and plot the lines; identify the half plane satisfying each; find the common feasible region; evaluate the objective function at every corner point; choose the maximum or minimum.,,business,2026-27,B.Com,false,,
Slack variables are added to convert:,Business Mathematics,mcq,easy,Linear Programming,Simplex Method and Slack Variables,1,The objective function into a constraint|Negative variables into positive ones|Less than or equal to constraints into equations|Greater than or equal to constraints into equations,C,They measure unused capacity of a resource.,business,2026-27,B.Com,false,,
The coefficient of a slack variable in the objective function is:,Business Mathematics,mcq,medium,Linear Programming,Simplex Method and Slack Variables,1,One|The same as the decision variable|Negative one|Zero,D,Unused capacity contributes nothing to profit.,business,2026-27,B.Com,false,,
The simplex method moves from one basic feasible solution to a better one until optimality is reached.,Business Mathematics,true_false,medium,Linear Programming,Simplex Method and Slack Variables,1,,True,Each iteration improves the objective value.,business,2026-27,B.Com,false,,
What is a basic feasible solution?,Business Mathematics,short_answer,medium,Linear Programming,Simplex Method and Slack Variables,2,,A solution obtained by setting the non basic variables to zero that satisfies all constraints and the non negativity conditions.,,business,2026-27,B.Com,false,,
The law of demand states that other things remaining the same:,Economics,mcq,easy,Demand and Supply,Law of Demand,1,Quantity demanded rises when price falls|Quantity demanded rises when price rises|Demand equals supply at every price|Price is determined by income,A,There is an inverse relation between price and quantity demanded.,economics,2026-27,B.Com,false,,
The demand curve normally slopes:,Economics,mcq,easy,Demand and Supply,Law of Demand,1,Downward from left to right|Upward from left to right|Vertically|Horizontally,A,Reflecting the inverse price quantity relation.,economics,2026-27,B.Com,false,,
Which is an exception to the law of demand?,Economics,mcq,medium,Demand and Supply,Law of Demand,1,Giffen goods|Normal goods|Substitute goods|Complementary goods,A,For a Giffen good demand rises as price rises.,economics,2026-27,B.Com,false,,
State any two assumptions of the law of demand.,Economics,short_answer,easy,Demand and Supply,Law of Demand,2,,No change in consumer income; no change in the prices of related goods; no change in tastes; no expectation of future price change.,,economics,2026-27,B.Com,false,,
Price elasticity of demand is measured as:,Economics,mcq,easy,Demand and Supply,Elasticity of Demand,1,Quantity demanded divided by price|The slope of the supply curve|Percentage change in quantity demanded divided by percentage change in price|Change in price divided by change in quantity,C,It measures responsiveness of demand to a price change.,economics,2026-27,B.Com,false,,
Demand for a necessity tends to be:,Economics,mcq,easy,Demand and Supply,Elasticity of Demand,1,Perfectly elastic|Unitary|Inelastic|Elastic,C,Consumers keep buying it even when the price rises.,economics,2026-27,B.Com,false,,
A perfectly inelastic demand curve is a vertical straight line.,Economics,true_false,easy,Demand and Supply,Elasticity of Demand,1,,True,Quantity does not respond at all to price.,economics,2026-27,B.Com,false,,
Perfectly elastic demand has a price elasticity of:,Economics,short_answer,easy,Demand and Supply,Elasticity of Demand,2,,Infinity. A horizontal demand curve where any price rise reduces quantity demanded to zero.,,economics,2026-27,B.Com,false,,
Market equilibrium occurs where:,Economics,mcq,easy,Demand and Supply,Market Equilibrium and Shifts,1,Quantity demanded equals quantity supplied|Price is lowest|Supply is greatest|Total revenue is maximum,A,There is no tendency for the price to change at that point.,economics,2026-27,B.Com,false,,
An increase in supply with unchanged demand causes the equilibrium price to:,Economics,mcq,easy,Demand and Supply,Market Equilibrium and Shifts,1,Stay the same|Become indeterminate|Fall|Rise,C,A surplus at the old price pushes it down.,economics,2026-27,B.Com,false,,
A shift of the demand curve is caused by a change in:,Economics,mcq,medium,Demand and Supply,Market Equilibrium and Shifts,1,The price of the good itself|The quantity supplied|The cost of production|Consumer income,D,A change in the good's own price causes a movement along the curve not a shift.,economics,2026-27,B.Com,false,,
Distinguish between a movement along the demand curve and a shift of the demand curve.,Economics,short_answer,medium,Demand and Supply,Market Equilibrium and Shifts,2,,A movement along is caused by a change in the price of the good itself and changes quantity demanded; a shift is caused by a change in a determinant such as income or tastes and changes demand at every price.,,economics,2026-27,B.Com,false,,
The income method computes national income by adding:,Economics,mcq,easy,National Income,Methods of Measuring National Income,1,Exports minus imports|Compensation of employees operating surplus and net factor income from abroad|Consumption investment and government spending|Value added by all firms,B,It sums the factor incomes generated in production.,economics,2026-27,B.Com,false,,
The expenditure method expresses national income as:,Economics,mcq,easy,National Income,Methods of Measuring National Income,1,W plus R plus I plus P|Output minus intermediate consumption|GDP minus depreciation|C plus I plus G plus net exports,D,It sums final expenditure on goods and services.,economics,2026-27,B.Com,false,,
The value added method avoids the problem of:,Economics,mcq,medium,National Income,Methods of Measuring National Income,1,Black money|Non monetised output|Double counting|Transfer payments,C,Only the value added at each stage is counted.,economics,2026-27,B.Com,false,,
List any three problems in the measurement of national income.,Economics,short_answer,medium,National Income,Methods of Measuring National Income,2,,Double counting; non monetised subsistence output; black money; lack of reliable data; transfer payments being wrongly included.,,economics,2026-27,B.Com,false,,
GNP at market prices equals GDP at market prices plus:,Economics,mcq,easy,National Income,GDP GNP and Per Capita Income,1,Subsidies|Net factor income from abroad|Net indirect taxes|Depreciation,B,GNP counts income earned by nationals wherever located.,economics,2026-27,B.Com,false,,
GDP at factor cost is obtained from GDP at market prices by:,Economics,mcq,medium,National Income,GDP GNP and Per Capita Income,1,Adding depreciation|Subtracting net factor income from abroad|Subtracting net indirect taxes|Adding net indirect taxes,C,Net indirect taxes are indirect taxes less subsidies.,economics,2026-27,B.Com,false,,
Per capita income is national income divided by population.,Economics,true_false,easy,National Income,GDP GNP and Per Capita Income,1,,True,It is the average income per person.,economics,2026-27,B.Com,false,,
Distinguish between GDP and GNP.,Economics,short_answer,easy,National Income,GDP GNP and Per Capita Income,2,,GDP measures the value of final goods produced within the domestic territory while GNP adds net factor income from abroad so it measures income of the nationals.,,economics,2026-27,B.Com,false,,
Which of the following is EXCLUDED from national income?,Economics,mcq,easy,National Income,Measurement Problems,1,Old age pension|Salary of a teacher|Rent of a house|Interest on a loan,A,A pension is a transfer payment with no current production behind it.,economics,2026-27,B.Com,false,,
The problem of double counting is avoided by:,Economics,mcq,medium,National Income,Measurement Problems,1,Using only the income method|Counting only value added at each stage|Counting every transaction twice|Ignoring intermediate goods prices,B,Alternatively only final goods are counted.,economics,2026-27,B.Com,false,,
Unpaid household work is included in the national income of India.,Economics,true_false,medium,National Income,Measurement Problems,1,,False,It is a non monetised service and is left out.,economics,2026-27,B.Com,false,,
Explain why non monetised sectors create a problem in measuring national income.,Economics,short_answer,medium,National Income,Measurement Problems,2,,In subsistence farming and household production goods and services are not sold so no market price exists and their contribution is under recorded.,,economics,2026-27,B.Com,false,,
Which is the primary function of money?,Economics,mcq,easy,Money and Banking,Functions and Kinds of Money,1,Store of value|Standard of deferred payment|Unit of account|Medium of exchange,D,It removes the need for a double coincidence of wants.,economics,2026-27,B.Com,false,,
Fiat money is money that:,Economics,mcq,easy,Money and Banking,Functions and Kinds of Money,1,Has value only by government decree|Is made of gold|Can be exchanged for bullion|Is used only in barter,A,Its face value far exceeds its material value.,economics,2026-27,B.Com,false,,
Money acting as a store of value allows purchasing power to be saved for the future.,Economics,true_false,easy,Money and Banking,Functions and Kinds of Money,1,,True,That is one of its secondary functions.,economics,2026-27,B.Com,false,,
State the four functions of money.,Economics,short_answer,easy,Money and Banking,Functions and Kinds of Money,2,,Medium of exchange; measure of value or unit of account; store of value; standard of deferred payments.,,economics,2026-27,B.Com,false,,
The central bank of India is:,Economics,mcq,easy,Money and Banking,Central Bank and Commercial Banks,1,NABARD|The Ministry of Finance|The Reserve Bank of India|The State Bank of India,C,It was established in 1935 and nationalised in 1949.,economics,2026-27,B.Com,false,,
The monopoly of issuing currency notes in India rests with:,Economics,mcq,easy,Money and Banking,Central Bank and Commercial Banks,1,The Reserve Bank of India|Commercial banks|The Central Government directly|The Securities and Exchange Board,A,One rupee notes and coins are issued by the Government.,economics,2026-27,B.Com,false,,
The Reserve Bank of India accepts deposits from the general public.,Economics,true_false,easy,Money and Banking,Central Bank and Commercial Banks,1,,False,It deals with banks and the government not with the public.,economics,2026-27,B.Com,false,,
State any three functions of a central bank.,Economics,short_answer,easy,Money and Banking,Central Bank and Commercial Banks,2,,Issue of currency; banker to the government; banker's bank and supervisor; custodian of foreign exchange reserves; controller of credit.,,economics,2026-27,B.Com,false,,
The cash reserve ratio is the portion of deposits that banks must keep with:,Economics,mcq,easy,Money and Banking,Monetary Policy and Credit Creation,1,The Central Government|Other commercial banks|The Reserve Bank of India as cash|Their own vaults only,C,It earns no interest and is a tool of credit control.,economics,2026-27,B.Com,false,,
An increase in the repo rate usually:,Economics,mcq,medium,Money and Banking,Monetary Policy and Credit Creation,1,Makes borrowing costlier for banks and contracts credit|Expands credit|Has no effect on lending|Reduces the cash reserve ratio,A,It is a contractionary monetary policy measure.,economics,2026-27,B.Com,false,,
Credit creation by commercial banks is limited by the cash reserve ratio.,Economics,true_false,medium,Money and Banking,Monetary Policy and Credit Creation,1,,True,A higher reserve ratio lowers the credit multiplier.,economics,2026-27,B.Com,false,,
Explain the credit creation function of commercial banks.,Economics,short_answer,hard,Money and Banking,Monetary Policy and Credit Creation,2,,Banks lend out a part of their deposits keeping only the required reserve; the loan is credited to a deposit account which is spent and returns to the banking system as fresh deposits; the process repeats so total deposits become a multiple of the initial deposit.,,economics,2026-27,B.Com,false,,
A country has a comparative advantage in producing a good when its:,Economics,mcq,easy,International Trade,Comparative Advantage and Free Trade,1,Output is largest|Wage rate is highest|Opportunity cost of producing that good is lower|Absolute cost is lowest,C,David Ricardo's theory explains trade even without absolute advantage.,economics,2026-27,B.Com,false,,
The Heckscher Ohlin theory explains trade on the basis of:,Economics,mcq,medium,International Trade,Comparative Advantage and Free Trade,1,Technology alone|Transport costs|Government policy|Factor endowments,D,A country exports goods that use its abundant factor intensively.,economics,2026-27,B.Com,false,,
Free trade allows each country to specialise according to comparative advantage.,Economics,true_false,easy,International Trade,Comparative Advantage and Free Trade,1,,True,Specialisation raises total world output.,economics,2026-27,B.Com,false,,
Distinguish between free trade and protectionism.,Economics,short_answer,medium,International Trade,Comparative Advantage and Free Trade,2,,Free trade allows goods to move across borders without restrictions while protectionism uses tariffs quotas and subsidies to restrict imports and shield domestic producers.,,economics,2026-27,B.Com,false,,
The balance of payments records:,Economics,mcq,easy,International Trade,Balance of Payments and Exchange Rates,1,Only capital flows|All economic transactions between residents and the rest of the world|Only visible trade|Only government transactions,B,It has a current account and a capital account.,economics,2026-27,B.Com,false,,
The current account of the balance of payments records:,Economics,mcq,medium,International Trade,Balance of Payments and Exchange Rates,1,Changes in foreign exchange reserves|Trade in goods and services plus income and transfers|Foreign direct investment|Loans from abroad,B,Investment and loans belong to the capital account.,economics,2026-27,B.Com,false,,
A depreciation of the rupee makes Indian exports cheaper for foreign buyers.,Economics,true_false,medium,International Trade,Balance of Payments and Exchange Rates,1,,True,It tends to encourage exports and discourage imports.,economics,2026-27,B.Com,false,,
When is the balance of payments said to be in equilibrium?,Economics,short_answer,medium,International Trade,Balance of Payments and Exchange Rates,2,,When autonomous receipts from the rest of the world equal autonomous payments so no change in official reserves is needed.,,economics,2026-27,B.Com,false,,
A tax levied on imported goods is called:,Economics,mcq,easy,International Trade,Trade Policy and International Institutions,1,A subsidy|A tariff|A quota|An excise duty,B,It raises the price of imports to protect domestic producers.,economics,2026-27,B.Com,false,,
The World Trade Organization was established in:,Economics,mcq,easy,International Trade,Trade Policy and International Institutions,1,1945|1991|2001|1995,D,It replaced GATT and is based in Geneva.,economics,2026-27,B.Com,false,,
A quota is a quantitative limit on the amount of a good that may be imported.,Economics,true_false,easy,International Trade,Trade Policy and International Institutions,1,,True,It restricts quantity rather than price.,economics,2026-27,B.Com,false,,
State any two functions of the World Trade Organization.,Economics,short_answer,medium,International Trade,Trade Policy and International Institutions,2,,Administering trade agreements; providing a forum for trade negotiations; settling trade disputes; reviewing national trade policies.,,economics,2026-27,B.Com,false,,
The words socialist and secular were inserted into the Preamble by the:,Political Science,mcq,medium,Preamble and Fundamental Rights,Preamble of the Constitution,1,44th Amendment|1st Amendment|86th Amendment|42nd Amendment,D,The 42nd Amendment of 1976 adopted the famous Kiriti mantra language.,political,2026-27,BA,false,,
Articles 12 to 35 of the Constitution deal with:,Political Science,mcq,easy,Preamble and Fundamental Rights,Right to Equality and Freedom,1,Fundamental Duties|Directive Principles of State Policy|Emergency powers|Fundamental Rights,A,Part III of the Constitution contains the fundamental rights.,political,2026-27,BA,false,,
List any four fundamental freedoms guaranteed by Article 19.,Political Science,short_answer,medium,Preamble and Fundamental Rights,Right to Equality and Freedom,2,,Freedom of speech and expression; to assemble peacefully; to form associations; to move freely; to reside and settle anywhere; and to practice any profession.,,political,2026-27,BA,false,,
The maximum strength of the Lok Sabha under the Constitution is:,Political Science,mcq,medium,Parliament,Composition of Parliament,1,543|552|600|500,B,Article 81 fixes the ceiling at 552 members (530 elected and 20 nominated).,political,2026-27,BA,false,,
The Speaker of the Lok Sabha is elected by the members of the Lok Sabha. This statement is:,Political Science,true_false,easy,Parliament,Composition of Parliament,1,,True,The members of the house elect their own Speaker by majority vote.,political,2026-27,BA,false,,
State any three powers of the Rajya Sabha in relation to money bills.,Political Science,short_answer,hard,Parliament,Legislative Procedure and Bills,2,,It may recommend changes to a money bill; it can hold the bill for at most six days; and it cannot reject the bill.,,political,2026-27,BA,false,,
The basic structure doctrine was upheld in the:,Political Science,mcq,medium,Judiciary,Judicial Review and Basic Structure,1,Shankari Prasad case|Golaknath case|Menaka case|Kesavananda Bharati case,D,The 1973 judgment held that Parliament cannot alter the basic structure of the Constitution.,political,2026-27,BA,false,,
The original jurisdiction of the Supreme Court extends to disputes between the Government of India and a state or between states. This statement is:,Political Science,true_false,medium,Judiciary,Supreme Court and Its Jurisdiction,1,,True,Such disputes are directly heard by the Supreme Court under Article 131.,political,2026-27,BA,false,,
The 73rd Constitutional Amendment of 1992 gave constitutional status to:,Political Science,mcq,easy,Local Self Government,Panchayati Raj and the 73rd Amendment,1,Cooperative societies|Municipal corporations|Urban local bodies|Panchayats,D,It added the eleventh schedule covering panchayat functions.,political,2026-27,BA,false,,
The 74th Constitutional Amendment deals with:,Political Science,mcq,easy,Local Self Government,Urban Local Bodies and the 74th Amendment,1,Municipal and urban local bodies|Village panchayats|The higher judiciary|Centre state finance,A,It came into force in 1993 and strengthened urban local government.,political,2026-27,BA,false,,
The Gram Sabha consists of all persons registered in the electoral roll of the village. This statement is:,Political Science,true_false,medium,Local Self Government,Gram Sabha and District Planning,1,,True,It is the basic unit of direct self governance at the village level.,political,2026-27,BA,false,,
The District Planning Committee prepares the plan for the district as a whole. This statement is:,Political Science,true_false,easy,Local Self Government,Gram Sabha and District Planning,1,,True,It consolidates the plans of the panchayats and municipal bodies into a district plan.,political,2026-27,BA,false,,
The Rig Veda is the:,History,mcq,easy,Indus and Vedic Civilisation,Vedic Literature and Society,1,Book of law|Collection of dramas|Oldest Veda; a collection of hymns to gods|Latest of the four Vedas,C,It contains 1028 hymns in ten mandalas and is the earliest Vedic text.,history,2026-27,BA,false,,
The Vedic society saw the gradual development of the varna based social structure. This statement is:,History,true_false,medium,Indus and Vedic Civilisation,Vedic Literature and Society,1,,True,The later Vedic texts describe the four varnas of brahmana; kshatriya; vaishya; and shudra.,history,2026-27,BA,false,,
Akbar's Din-i Ilahi was a syncretic faith he promoted to unite different religious groups. This statement is:,History,true_false,hard,Medieval India,Mughal Empire and Administration,1,,True,It blended elements of Hinduism and Islam and was close to a court philosophy rather than a mass religion.,history,2026-27,BA,false,,
The Indian National Congress was founded in 1885 with A. O. Hume as its key founder. This statement is:,History,true_false,medium,Freedom Struggle,Rise of the Indian National Congress,1,,True,The first session at Bombay in 1885 was presided by W. C. Bonnerjee.,history,2026-27,BA,false,,
The fall of the Berlin Wall in 1989 symbolized the beginning of the end of the Cold War era. This statement is:,History,true_false,medium,Modern World History,World Wars and the United Nations,1,,True,German reunification followed in 1990 and the Soviet Union dissolved in 1991.,history,2026-27,BA,false,,
Socialization is the process by which a person learns and internalizes the norms of society. This statement is:,Sociology,true_false,easy,Society and Culture,Culture Norms and Values,1,,True,It begins in the family and continues through school; peers; and media.,sociology,2026-27,BA,false,,
The primary agent of socialization is the:,Sociology,mcq,easy,Social Institutions,Education Religion and Economy,1,Army|Market|State|Family,D,The family is where children first learn language; norms; and roles.,sociology,2026-27,BA,false,,
The family is called a primary group because its members have direct and intimate face to face interaction. This statement is:,Sociology,true_false,easy,Social Institutions,Family as a Primary Group,1,,True,Cooley used the term primary group for small groups with warm personal contact.,sociology,2026-27,BA,false,,
Marriage systems studied in sociology include:,Sociology,mcq,medium,Social Institutions,Marriage and Kinship,1,Monogamy only|Polyandry only|None of these|Monogamy and polygamy,D,Polygamy further includes polygyny (one husband many wives) and polyandry (one wife many husbands).,sociology,2026-27,BA,false,,
Education as a social institution functions to transmit knowledge and socialize the young. This statement is:,Sociology,true_false,medium,Social Institutions,Education Religion and Economy,1,,True,It also sorts people into roles through credentials and skills.,sociology,2026-27,BA,false,,
Social mobility refers to the movement of people between social strata. This statement is:,Sociology,true_false,easy,Social Stratification,Social Mobility,1,,True,It can be vertical (up or down) or horizontal (across groups at the same level).,sociology,2026-27,BA,false,,
The jajmani system refers to hereditary patron client relations between caste groups. This statement is:,Sociology,true_false,medium,Social Stratification,Caste System in India,1,,True,Artisans received a share of produce and services in return for their work.,sociology,2026-27,BA,false,,
A social movement is organized collective effort to promote or resist social change. This statement is:,Sociology,true_false,medium,Social Change,Social Movements in India,1,,True,Examples are the independence movement; the women's movement; and environmental movements.,sociology,2026-27,BA,false,,
Globalization affects society mainly through faster flows of goods; capital; people; and ideas. This statement is:,Sociology,true_false,easy,Social Change,Globalization and Society,1,,True,It also reshapes local cultures and labour markets.,sociology,2026-27,BA,false,,
State any three factors of social change in India.,Sociology,short_answer,medium,Social Change,Social Movements in India,2,,Education; industrialization; urbanization; legal reforms such as personal law changes; and globalization.,,sociology,2026-27,BA,false,,
The structuralist school that analyzed conscious experience was founded by:,Psychology,mcq,medium,Introduction and Theories,Definition and Early Schools,1,Ivan Pavlov|B. F. Skinner|William James|Wilhelm Wundt,D,Wundt set up the first psychology laboratory at Leipzig in 1879.,psychology,2026-27,BA,false,,
The functionalist school emphasized the functions of behaviour and consciousness. This statement is:,Psychology,true_false,easy,Introduction and Theories,Definition and Early Schools,1,,True,Led by William James it asked what mental processes do for the organism.,psychology,2026-27,BA,false,,
The idea of tabula rasa (mind as a blank slate) is associated with:,Psychology,mcq,medium,Introduction and Theories,Definition and Early Schools,1,John Locke|Sigmund Freud|Abraham Maslow|Jean Piaget,A,Locke argued that experience writes all knowledge onto the empty mind of the child.,psychology,2026-27,BA,false,,
State three major approaches in modern psychology.,Psychology,short_answer,medium,Introduction and Theories,Major Approaches in Psychology,2,,Behaviourism; cognitivism; and psychoanalysis; with the biological and humanistic approaches adding further perspectives.,,psychology,2026-27,BA,false,,
Classical conditioning is associated with:,Psychology,mcq,easy,Learning and Memory,Classical Conditioning,1,Edward Thorndike|Albert Bandura|B. F. Skinner|Ivan Pavlov,D,Pavlov's dogs learned to salivate to a bell that predicted food.,psychology,2026-27,BA,false,,
Operant conditioning modifies behaviour through:,Psychology,mcq,easy,Learning and Memory,Operant Conditioning,1,Dream analysis|Reinforcement and punishment|Stimulus pairing only|Observation only,B,Consequences determine how likely a voluntary behaviour is to repeat.,psychology,2026-27,BA,false,,
The law of effect states that behaviour followed by a satisfying consequence is more likely to recur. This statement is:,Psychology,true_false,medium,Learning and Memory,Operant Conditioning,1,,True,Thorndike proposed it from his puzzle box experiments with cats.,psychology,2026-27,BA,false,,
Short term memory can hold roughly seven plus or minus two items. This statement is:,Psychology,true_false,medium,Learning and Memory,Memory Systems and Forgetting,1,,True,Miller's finding describes the limited capacity of working memory without rehearsal.,psychology,2026-27,BA,false,,
Distinguish between classical and operant conditioning.,Psychology,short_answer,medium,Learning and Memory,Operant Conditioning,2,,Classical conditioning pairs stimuli to produce an involuntary response; operant conditioning shapes voluntary behaviour using its consequences such as reinforcement and punishment.,,psychology,2026-27,BA,false,,
The intelligence quotient is computed as mental age divided by chronological age multiplied by 100. This statement is:,Psychology,true_false,medium,Intelligence,Intelligence Testing and IQ,1,,True,This ratio formula was used in early intelligence testing before deviation based scores.,psychology,2026-27,BA,false,,
Alfred Binet is credited with developing the first practical:,Psychology,mcq,easy,Intelligence,Intelligence Testing and IQ,1,Psychotherapy technique|Reflex test|Personality scale|IQ test for children,D,He and Simon designed school tests to identify pupils needing help.,psychology,2026-27,BA,false,,
Howard Gardner proposed the theory of:,Psychology,mcq,easy,Intelligence,Theories of Intelligence,1,Only spatial intelligence|A single general intelligence|Multiple intelligences|No measurable intelligence,C,He listed linguistic; logical mathematical; musical; bodily kinesthetic; and other distinct intelligences.,psychology,2026-27,BA,false,,
The g factor in intelligence theory refers to a general mental ability common to all cognitive tasks. This statement is:,Psychology,true_false,hard,Intelligence,Theories of Intelligence,1,,True,Spearman identified it from the positive correlations among test scores.,psychology,2026-27,BA,false,,
List the three components of Sternberg's triarchic theory of intelligence.,Psychology,short_answer,medium,Intelligence,Theories of Intelligence,2,,Analytical; creative; and practical intelligence.,,psychology,2026-27,BA,false,,
A mental disorder can be defined as a syndrome of clinically significant disturbance in cognition; emotion; or behaviour. This statement is:,Psychology,true_false,easy,Mental Health,Mental Health and Mental Disorders,1,,True,The definition stresses distress or impairment in addition to the symptoms.,psychology,2026-27,BA,false,,
A common symptom of anxiety disorders is:,Psychology,mcq,easy,Mental Health,Mental Health and Mental Disorders,1,Headache only|Excessive worry and tension|High blood pressure only|Fever only,B,Worry; restlessness; and muscle tension are core features.,psychology,2026-27,BA,false,,
Cognitive behavioural therapy works by changing maladaptive thoughts and behaviours. This statement is:,Psychology,true_false,easy,Mental Health,Therapeutic Approaches,1,,True,It is a structured short term approach with strong evidence for depression and anxiety.,psychology,2026-27,BA,false,,
Stress is the body's response to any demand that upsets its balance. This statement is:,Psychology,true_false,medium,Mental Health,Stress Coping and Wellbeing,1,,True,The demand is called a stressor and the response mobilizes the body to cope.,psychology,2026-27,BA,false,,
List three signs that a person may need professional mental health support.,Psychology,short_answer,medium,Mental Health,Stress Coping and Wellbeing,2,,Persistent sadness or loss of interest; major changes in sleep or appetite; and social withdrawal or impaired daily functioning.,,psychology,2026-27,BA,false,,
The Preamble declares India to be a:,Political Science,mcq,easy,Preamble and Fundamental Rights,Preamble of the Constitution,1,Unitary constitutional monarchy|Confederation of states|Sovereign Socialist Secular Democratic Republic|Federal theocratic state,C,Those are the adjectives the Preamble uses for the Indian Union.,political,2026-27,BA,false,,
The idea of beginning a constitution with a preamble was borrowed from:,Political Science,mcq,easy,Preamble and Fundamental Rights,Preamble of the Constitution,1,The Constitution of the United States of America|The Constitution of the United Kingdom|The Constitution of Ireland|The Constitution of Canada,A,The American Constitution was the first to begin with a preamble.,political,2026-27,BA,false,,
The words socialist secular and integrity were added to the Preamble by the:,Political Science,mcq,medium,Preamble and Fundamental Rights,Preamble of the Constitution,1,44th Amendment Act 1978|1st Amendment Act 1951|73rd Amendment Act 1992|42nd Amendment Act 1976,D,It is the only amendment that has changed the Preamble so far.,political,2026-27,BA,false,,
The Preamble is a part of the Constitution of India.,Political Science,true_false,easy,Preamble and Fundamental Rights,Preamble of the Constitution,1,,True,The Supreme Court held so in the LIC of India case.,political,2026-27,BA,false,,
The right to equality before law is guaranteed by Article:,Political Science,mcq,easy,Preamble and Fundamental Rights,Right to Equality and Freedom,1,14|19|21|32,A,Article 14 forbids discrimination and guarantees equal protection of the laws.,political,2026-27,BA,false,,
Untouchability was abolished by Article:,Political Science,mcq,easy,Preamble and Fundamental Rights,Right to Equality and Freedom,1,17|14|19|23,A,Its practice in any form is forbidden and punishable by law.,political,2026-27,BA,false,,
Article 19 guarantees how many freedoms?,Political Science,mcq,medium,Preamble and Fundamental Rights,Right to Equality and Freedom,1,Seven|Five|Four|Six,D,Speech and expression assembly association movement residence and profession.,political,2026-27,BA,false,,
Fundamental rights in India are absolute and can never be restricted.,Political Science,true_false,easy,Preamble and Fundamental Rights,Right to Equality and Freedom,1,,False,They are subject to reasonable restrictions on grounds such as sovereignty public order and morality.,political,2026-27,BA,false,,
Under which Article can the Supreme Court issue writs to enforce fundamental rights?,Political Science,mcq,easy,Preamble and Fundamental Rights,Writs and Enforceability,1,Article 14|Article 143|Article 32|Article 226,C,Ambedkar called Article 32 the heart and soul of the Constitution.,political,2026-27,BA,false,,
The writ that requires a detained person to be produced before the court is:,Political Science,mcq,easy,Preamble and Fundamental Rights,Writs and Enforceability,1,Mandamus|Certiorari|Quo warranto|Habeas corpus,D,It literally means to have the body.,political,2026-27,BA,false,,
Mandamus is issued to:,Political Science,mcq,medium,Preamble and Fundamental Rights,Writs and Enforceability,1,Transfer a case to a higher court|Question the title to a public office|Release a detained person|Command a public authority to perform its duty,D,It lies against a public body that has failed to act.,political,2026-27,BA,false,,
Fundamental rights can be suspended during a national emergency.,Political Science,true_false,medium,Preamble and Fundamental Rights,Writs and Enforceability,1,,True,Under Article 359 although Articles 20 and 21 cannot be suspended.,political,2026-27,BA,false,,
The Parliament of India consists of:,Political Science,mcq,easy,Parliament,Composition of Parliament,1,The President the Lok Sabha and the Rajya Sabha|Only the two Houses|The Lok Sabha and the Council of Ministers|The Prime Minister and both Houses,A,The President is an integral part of Parliament.,political,2026-27,BA,false,,
Which House of Parliament is never dissolved?,Political Science,mcq,easy,Parliament,Composition of Parliament,1,Both are dissolved|The Legislative Council|Rajya Sabha|Lok Sabha,C,It is a permanent body with one third of its members retiring every two years.,political,2026-27,BA,false,,
The maximum strength of the Rajya Sabha is:,Political Science,mcq,medium,Parliament,Composition of Parliament,1,250|245|550|238,A,Of these 238 represent the states and union territories and 12 are nominated by the President.,political,2026-27,BA,false,,
The term of a member of the Rajya Sabha is six years.,Political Science,true_false,easy,Parliament,Composition of Parliament,1,,True,Except for a member elected to fill a casual vacancy.,political,2026-27,BA,false,,
A money bill can be introduced only in the:,Political Science,mcq,easy,Parliament,Legislative Procedure and Bills,1,Either House without permission|State Legislative Assembly only|Lok Sabha with the prior recommendation of the President|Rajya Sabha,C,Article 110 defines what a money bill is.,political,2026-27,BA,false,,
The Rajya Sabha must return a money bill to the Lok Sabha within:,Political Science,mcq,medium,Parliament,Legislative Procedure and Bills,1,30 days|7 days|60 days|14 days,D,It may recommend amendments but the Lok Sabha is free to reject them.,political,2026-27,BA,false,,
Who decides whether a bill is a money bill?,Political Science,mcq,easy,Parliament,Legislative Procedure and Bills,1,The Prime Minister|The Speaker of the Lok Sabha|The President|The Chairman of the Rajya Sabha,B,The Speaker's certificate on the question is final.,political,2026-27,BA,false,,
A money bill can be introduced first in the Rajya Sabha.,Political Science,true_false,easy,Parliament,Legislative Procedure and Bills,1,,False,Only the Lok Sabha can originate a money bill.,political,2026-27,BA,false,,
The Speaker of the Lok Sabha is elected by:,Political Science,mcq,easy,Parliament,Presiding Officers and Sessions,1,The members of the Lok Sabha|The President|The members of both Houses|The Council of Ministers,A,The election is held as soon as possible after a general election.,political,2026-27,BA,false,,
The ex officio Chairman of the Rajya Sabha is:,Political Science,mcq,easy,Parliament,Presiding Officers and Sessions,1,The President|The Prime Minister|The senior most member|The Vice President of India,D,The Deputy Chairman is elected from among its own members.,political,2026-27,BA,false,,
A joint sitting of the two Houses is presided over by the:,Political Science,mcq,medium,Parliament,Presiding Officers and Sessions,1,Speaker of the Lok Sabha|Chairman of the Rajya Sabha|President|Chief Justice of India,A,The President summons the joint sitting but does not preside over it.,political,2026-27,BA,false,,
State any three powers of the Speaker of the Lok Sabha.,Political Science,short_answer,medium,Parliament,Presiding Officers and Sessions,2,,Maintains order in the House; decides whether a bill is a money bill; presides over a joint sitting; interprets the rules of procedure; puts the question and announces the result of voting.,,political,2026-27,BA,false,,
The Supreme Court of India is located in:,Political Science,mcq,easy,Judiciary,Supreme Court and Its Jurisdiction,1,Kolkata|Chennai|New Delhi|Mumbai,C,It first sat on 28 January 1950.,political,2026-27,BA,false,,
A judge of the Supreme Court holds office until the age of:,Political Science,mcq,easy,Judiciary,Supreme Court and Its Jurisdiction,1,70 years|65 years|62 years|60 years,B,Judges of the High Courts retire at 62.,political,2026-27,BA,false,,
Disputes between the Government of India and one or more States fall under which jurisdiction?,Political Science,mcq,medium,Judiciary,Supreme Court and Its Jurisdiction,1,Appellate jurisdiction|Advisory jurisdiction|Writ jurisdiction|Original jurisdiction,D,Article 131 provides for this original jurisdiction.,political,2026-27,BA,false,,
The President may seek the opinion of the Supreme Court under Article:,Political Science,mcq,hard,Judiciary,Supreme Court and Its Jurisdiction,1,131|226|143|32,C,That is the advisory jurisdiction of the Court.,political,2026-27,BA,false,,
The basic structure doctrine was propounded in the:,Political Science,mcq,easy,Judiciary,Judicial Review and Basic Structure,1,Maneka Gandhi case of 1978|Kesavananda Bharati case of 1973|Golak Nath case of 1967|Minerva Mills case of 1980,B,It held that Parliament cannot alter the basic features of the Constitution.,political,2026-27,BA,false,,
Judicial review is the power of the courts to:,Political Science,mcq,easy,Judiciary,Judicial Review and Basic Structure,1,Frame the budget|Examine the constitutionality of legislative and executive acts|Make laws for the country|Appoint ministers,B,It keeps the other organs of government within the Constitution.,political,2026-27,BA,false,,
Parliament can amend any part of the Constitution including its basic features.,Political Science,true_false,medium,Judiciary,Judicial Review and Basic Structure,1,,False,The basic structure lies beyond the amending power.,political,2026-27,BA,false,,
What is meant by judicial review?,Political Science,short_answer,easy,Judiciary,Judicial Review and Basic Structure,2,,The power of the judiciary to examine whether laws and executive actions conform to the Constitution and to declare them void if they do not.,,political,2026-27,BA,false,,
Judges of the Supreme Court are appointed by the:,Political Science,mcq,easy,Judiciary,Judicial Appointments and Independence,1,Prime Minister|Chief Minister|Parliament by vote|President of India,D,In practice the President acts on the recommendation of the collegium.,political,2026-27,BA,false,,
The collegium system for appointing judges consists of:,Political Science,mcq,medium,Judiciary,Judicial Appointments and Independence,1,The President and the Prime Minister|The Law Minister and the Attorney General|A standing committee of Parliament|The Chief Justice of India and the senior most judges of the Supreme Court,D,It evolved through the Second and Third Judges cases.,political,2026-27,BA,false,,
The salaries of Supreme Court judges are charged on the Consolidated Fund of India.,Political Science,true_false,medium,Judiciary,Judicial Appointments and Independence,1,,True,That places them beyond the annual vote of Parliament and protects independence.,political,2026-27,BA,false,,
Explain the collegium system for judicial appointments.,Political Science,short_answer,medium,Judiciary,Judicial Appointments and Independence,2,,A body headed by the Chief Justice of India with the four senior most judges recommends appointments and transfers to the President; the government may return a name once but must accept a recommendation that the collegium reiterates.,,political,2026-27,BA,false,,
The 73rd Constitutional Amendment Act of 1992 gave constitutional status to:,Political Science,mcq,easy,Local Self Government,Panchayati Raj and the 73rd Amendment,1,District collectors|Panchayati Raj institutions|Urban local bodies|The Election Commission,B,It added Part IX and the Eleventh Schedule to the Constitution.,political,2026-27,BA,false,,
Which Schedule lists the matters that may be entrusted to a Panchayat?,Political Science,mcq,medium,Local Self Government,Panchayati Raj and the 73rd Amendment,1,Ninth Schedule|Eleventh Schedule|Twelfth Schedule|Tenth Schedule,B,It contains 29 functional items.,political,2026-27,BA,false,,
The three tier Panchayati Raj structure operates at the:,Political Science,mcq,easy,Local Self Government,Panchayati Raj and the 73rd Amendment,1,Ward and city levels|Block and tehsil levels only|Village intermediate and district levels|State and national levels only,C,Gram Panchayat Panchayat Samiti and Zilla Parishad.,political,2026-27,BA,false,,
The 73rd Amendment reserves seats for women in Panchayats.,Political Science,true_false,easy,Local Self Government,Panchayati Raj and the 73rd Amendment,1,,True,Not less than one third of seats and of chairperson posts are reserved for women.,political,2026-27,BA,false,,
The 74th Constitutional Amendment Act deals with:,Political Science,mcq,easy,Local Self Government,Urban Local Bodies and the 74th Amendment,1,The Election Commission|Municipalities and other urban local bodies|Panchayats|Union Territories,B,It added Part IXA and the Twelfth Schedule.,political,2026-27,BA,false,,
Which is NOT an urban local body created by the 74th Amendment?,Political Science,mcq,medium,Local Self Government,Urban Local Bodies and the 74th Amendment,1,Nagar Panchayat|Municipal Council|Municipal Corporation|Zilla Parishad,D,Zilla Parishad is the rural district tier under the 73rd Amendment.,political,2026-27,BA,false,,
A Nagar Panchayat is constituted for:,Political Science,mcq,easy,Local Self Government,Urban Local Bodies and the 74th Amendment,1,A transitional area between rural and urban|A metropolitan city|A cantonment|A state capital,A,The Governor notifies such transitional areas.,political,2026-27,BA,false,,
Urban local bodies derive their powers from the State Legislature.,Political Science,true_false,medium,Local Self Government,Urban Local Bodies and the 74th Amendment,1,,True,Local government and public health are entries in the State List.,political,2026-27,BA,false,,
The Gram Sabha consists of:,Political Science,mcq,easy,Local Self Government,Gram Sabha and District Planning,1,Village elders nominated by the Sarpanch|All persons registered in the electoral roll of the village area|Only the elected members of the Panchayat|All taxpayers of the district,B,It is the general body that exercises direct democracy at village level.,political,2026-27,BA,false,,
The District Planning Committee is constituted to:,Political Science,mcq,medium,Local Self Government,Gram Sabha and District Planning,1,Conduct local elections|Appoint the Sarpanch|Consolidate the draft plans of Panchayats and Municipalities in the district|Audit Panchayat accounts,C,Article 243ZD provides for it.,political,2026-27,BA,false,,
The Gram Sabha elects the Sarpanch in every state of India.,Political Science,true_false,medium,Local Self Government,Gram Sabha and District Planning,1,,False,The manner of electing the chairperson is left to the State Legislature.,political,2026-27,BA,false,,
State the main objectives of the Panchayati Raj system.,Political Science,short_answer,medium,Local Self Government,Gram Sabha and District Planning,2,,Democratic decentralisation and people's participation; local planning and development; social justice through reservation; and accountability of local government to the Gram Sabha.,,political,2026-27,BA,false,,
The Indus Valley Civilization was first excavated at:,History,mcq,easy,Indus and Vedic Civilisation,Indus Valley Sites and Excavation,1,Harappa|Mohenjodaro|Lothal|Kalibangan,A,Daya Ram Sahni excavated Harappa in 1921.,history,2026-27,BA,false,,
The Great Bath has been found at:,History,mcq,easy,Indus and Vedic Civilisation,Indus Valley Sites and Excavation,1,Dholavira|Rakhigarhi|Mohenjodaro|Harappa,C,It is the best known public structure of that city.,history,2026-27,BA,false,,
The Harappan port town with a dockyard is:,History,mcq,easy,Indus and Vedic Civilisation,Indus Valley Sites and Excavation,1,Lothal|Kalibangan|Suktagendor|Banawali,A,It lies in Gujarat and points to maritime trade.,history,2026-27,BA,false,,
The Indus script has been fully deciphered.,History,true_false,medium,Indus and Vedic Civilisation,Indus Valley Sites and Excavation,1,,False,It remains undeciphered and no bilingual inscription has been found.,history,2026-27,BA,false,,
Which was a distinctive feature of Harappan town planning?,History,mcq,easy,Indus and Vedic Civilisation,Harappan Town Planning and Society,1,Circular huts on hilltops|Pyramids at the city centre|Moats around every house|A grid of streets with a covered drainage system,D,Cities were divided into a raised citadel and a lower town.,history,2026-27,BA,false,,
The Harappan economy was based mainly on:,History,mcq,medium,Indus and Vedic Civilisation,Harappan Town Planning and Society,1,Pastoral nomadism alone|Iron smelting|Agriculture and trade|Hunting alone,C,Wheat barley and cotton were grown and seals record long distance trade.,history,2026-27,BA,false,,
Harappan seals were used mainly for:,History,mcq,hard,Indus and Vedic Civilisation,Harappan Town Planning and Society,1,Coinage|Religious sacrifice|Recording royal genealogies|Marking ownership and trade goods,D,Most are steatite and carry animal motifs with undeciphered script.,history,2026-27,BA,false,,
List any four features of the Indus Valley Civilization.,History,short_answer,medium,Indus and Vedic Civilisation,Harappan Town Planning and Society,2,,Planned cities with a citadel and a lower town; grid streets and covered drains; standardized burnt bricks and weights; extensive internal and external trade; the undeciphered pictographic script; bronze and copper tools with no knowledge of iron.,,history,2026-27,BA,false,,
The oldest of the Vedas is the:,History,mcq,easy,Indus and Vedic Civilisation,Vedic Literature and Society,1,Sama Veda|Yajur Veda|Atharva Veda|Rig Veda,D,It is a collection of 1028 hymns.,history,2026-27,BA,false,,
The Sama Veda is mainly a book of:,History,mcq,easy,Indus and Vedic Civilisation,Vedic Literature and Society,1,Spells and charms|Historical chronicles|Chants and melodies|Ritual formulas,C,The origins of Indian music are traced to it.,history,2026-27,BA,false,,
The Vedic society saw the gradual development of a varna based social structure.,History,true_false,medium,Indus and Vedic Civilisation,Vedic Literature and Society,1,,True,The division hardened considerably in the Later Vedic period.,history,2026-27,BA,false,,
Distinguish between the Early and Later Vedic periods in the position of women.,History,short_answer,hard,Indus and Vedic Civilisation,Vedic Literature and Society,2,,In the Rig Vedic period women composed hymns and attended assemblies; in the Later Vedic period their position declined with child marriage and exclusion from political assemblies.,,history,2026-27,BA,false,,
The first ruler of the slave dynasty of the Delhi Sultanate was:,History,mcq,easy,Medieval India,Delhi Sultanate,1,Balban|Alauddin Khalji|Qutbuddin Aibak|Iltutmish,C,He began the Qutb Minar and was succeeded by Iltutmish.,history,2026-27,BA,false,,
The iqta system of revenue assignment was institutionalised by:,History,mcq,medium,Medieval India,Delhi Sultanate,1,Iltutmish|Aibak|Babur|Ashoka,A,Land revenue assignments were given to officials in lieu of salary.,history,2026-27,BA,false,,
The Delhi Sultanate was established after the:,History,mcq,easy,Medieval India,Delhi Sultanate,1,Second battle of Tarain in 1192|First battle of Panipat in 1526|Battle of Plassey in 1757|Battle of Talikota in 1565,A,Muhammad Ghori defeated Prithviraj III.,history,2026-27,BA,false,,
The Sultanate period maintained a large standing army.,History,true_false,medium,Medieval India,Delhi Sultanate,1,,True,Alauddin Khalji in particular regulated market prices to sustain it.,history,2026-27,BA,false,,
The Taj Mahal was built by:,History,mcq,easy,Medieval India,Mughal Empire and Administration,1,Shah Jahan|Akbar|Babur|Aurangzeb,A,It was raised in memory of Mumtaz Mahal at Agra.,history,2026-27,BA,false,,
The mansabdari system of the Mughals determined:,History,mcq,easy,Medieval India,Mughal Empire and Administration,1,The caste of a soldier|The rank salary and military responsibility of an official|The land revenue rate per bigha|The order of succession to the throne,B,Ranks were expressed as zat and sawar.,history,2026-27,BA,false,,
Akbar's land revenue settlement based on measurement and classification was called:,History,mcq,medium,Medieval India,Mughal Empire and Administration,1,Chauth|Zabt or bandobast|Jizya|Iqta,B,Todar Mal worked it out using ten year averages of prices and yields.,history,2026-27,BA,false,,
State the main features of Mughal administration under Akbar.,History,short_answer,medium,Medieval India,Mughal Empire and Administration,2,,A centralised monarchy with a council of ministers; the mansabdari system for civil and military ranks; the zabti land revenue settlement; provincial administration through subas; and a policy of religious tolerance including sulh-i-kul.,,history,2026-27,BA,false,,
The first battle of Panipat in 1526 was fought between:,History,mcq,easy,Medieval India,Battles and Regional Powers,1,Babur and Rana Sanga|Sher Shah and Humayun|Babur and Ibrahim Lodi|Akbar and Hemu,C,Babur's artillery and the tulghma formation decided the battle.,history,2026-27,BA,false,,
The second battle of Panipat in 1556 established:,History,mcq,medium,Medieval India,Battles and Regional Powers,1,Akbar's hold over the throne of Delhi|The Delhi Sultanate|Maratha power in the north|British supremacy in Bengal,A,Bairam Khan led Akbar's army against Hemu.,history,2026-27,BA,false,,
Akbar's Din-i Ilahi was a syncretic faith he promoted to unite religious groups.,History,true_false,hard,Medieval India,Battles and Regional Powers,1,,True,It was propounded in 1582 and had very few adherents.,history,2026-27,BA,false,,
Why was the battle of Talikota of 1565 significant?,History,short_answer,medium,Medieval India,Battles and Regional Powers,2,,The combined Deccan sultanates decisively defeated Vijayanagara which led to the sack of Hampi and the collapse of the empire.,,history,2026-27,BA,false,,
The Indian National Congress was founded in:,History,mcq,easy,Freedom Struggle,Rise of the Indian National Congress,1,1905|1919|1885|1857,C,Its first session was held at Bombay.,history,2026-27,BA,false,,
The first session of the Indian National Congress was presided over by:,History,mcq,easy,Freedom Struggle,Rise of the Indian National Congress,1,Dadabhai Naoroji|A. O. Hume|Gopal Krishna Gokhale|W. C. Bannerjee,D,Seventy two delegates attended it at Bombay.,history,2026-27,BA,false,,
The Moderates believed in:,History,mcq,medium,Freedom Struggle,Rise of the Indian National Congress,1,Boycott of all councils|Constitutional methods of prayer and petition|Armed revolution|Immediate complete independence,B,They sought self government within the Empire through gradual reform.,history,2026-27,BA,false,,
State any three contributions of the Moderate phase of the national movement.,History,short_answer,medium,Freedom Struggle,Rise of the Indian National Congress,2,,An economic critique of the drain of wealth; training Indians in constitutional politics; building an all India nationalist organisation; and spreading political awareness through sessions and the press.,,history,2026-27,BA,false,,
The Jallianwala Bagh massacre took place at:,History,mcq,easy,Freedom Struggle,Gandhian Mass Movements,1,Delhi in 1911|Kanpur in 1931|Amritsar in 1919|Lahore in 1920,C,General Dyer fired on an unarmed crowd on 13 April 1919.,history,2026-27,BA,false,,
The Non Cooperation Movement was launched in:,History,mcq,easy,Freedom Struggle,Gandhian Mass Movements,1,1942|1905|1920|1930,C,It was withdrawn after the Chauri Chaura incident in 1922.,history,2026-27,BA,false,,
The Dandi March of 1930 was part of:,History,mcq,easy,Freedom Struggle,Gandhian Mass Movements,1,The Non Cooperation Movement|The Quit India Movement|The Home Rule Movement|The Civil Disobedience Movement,D,Gandhi marched to the sea to break the salt law.,history,2026-27,BA,false,,
Explain the main demands of the Non Cooperation Movement of 1920.,History,short_answer,medium,Freedom Struggle,Gandhian Mass Movements,2,,Surrender of titles and honours; boycott of government schools courts councils and foreign cloth; refusal to pay taxes; promotion of khadi and national schools; and redress of the Khilafat and Punjab wrongs leading to swaraj.,,history,2026-27,BA,false,,
The Quit India Resolution was passed by the Congress in:,History,mcq,easy,Freedom Struggle,Quit India and Independence,1,August 1942 at Bombay|March 1930 at Karachi|December 1929 at Lahore|June 1947 at Delhi,A,Gandhi gave the call Do or Die.,history,2026-27,BA,false,,
The Indian National Army was led by:,History,mcq,easy,Freedom Struggle,Quit India and Independence,1,Vallabhbhai Patel|Maulana Azad|Subhas Chandra Bose|Bhagat Singh,C,It was first formed by Mohan Singh from Indian prisoners of war.,history,2026-27,BA,false,,
The Mountbatten Plan of June 1947 provided for:,History,mcq,medium,Freedom Struggle,Quit India and Independence,1,A confederation of princely states|Continued British rule for a decade|Partition of India and the transfer of power|Universal adult franchise alone,C,It led to the Indian Independence Act of July 1947.,history,2026-27,BA,false,,
Why is the Quit India Movement described as a leaderless upheaval?,History,short_answer,medium,Freedom Struggle,Quit India and Independence,2,,All the top Congress leaders were arrested on the night of 8 August 1942 so people organised strikes sabotage and parallel governments on their own initiative.,,history,2026-27,BA,false,,
The French Revolution began in the year:,History,mcq,easy,Modern World History,Enlightenment and Revolutions,1,1776|1815|1848|1789,D,The storming of the Bastille on 14 July 1789 marks its beginning.,history,2026-27,BA,false,,
The American Declaration of Independence was adopted in:,History,mcq,easy,Modern World History,Enlightenment and Revolutions,1,1776|1789|1783|1804,A,It was drafted mainly by Thomas Jefferson.,history,2026-27,BA,false,,
The slogan Liberty Equality Fraternity is associated with the:,History,mcq,easy,Modern World History,Enlightenment and Revolutions,1,Industrial Revolution|French Revolution|Russian Revolution|Glorious Revolution,B,It summed up the ideals of the revolutionaries.,history,2026-27,BA,false,,
Name any two thinkers of the Enlightenment and state their ideas.,History,short_answer,medium,Modern World History,Enlightenment and Revolutions,2,,Locke argued for natural rights to life liberty and property; Montesquieu proposed the separation of powers; Rousseau held that sovereignty rests with the people; Voltaire attacked religious intolerance.,,history,2026-27,BA,false,,
The Industrial Revolution began in:,History,mcq,easy,Modern World History,Industrial Revolution and Capitalism,1,Britain in the late eighteenth century|France in the sixteenth century|Germany in the nineteenth century|The United States in the seventeenth century,A,Coal iron capital and colonial markets gave Britain the lead.,history,2026-27,BA,false,,
The invention that most transformed factory power was:,History,mcq,easy,Modern World History,Industrial Revolution and Capitalism,1,The spinning jenny|The telegraph|The internal combustion engine|The improved steam engine of James Watt,D,It freed factories from water power sites.,history,2026-27,BA,false,,
The factory system concentrated production in one place under supervision.,History,true_false,easy,Modern World History,Industrial Revolution and Capitalism,1,,True,It replaced domestic and cottage production.,history,2026-27,BA,false,,
State any three social consequences of the Industrial Revolution.,History,short_answer,medium,Modern World History,Industrial Revolution and Capitalism,2,,Growth of crowded industrial towns; emergence of two classes the capitalists and the wage workers; long hours and child labour; the rise of trade unions and socialist ideas; and the displacement of handloom weavers.,,history,2026-27,BA,false,,
The First World War began in the year:,History,mcq,easy,Modern World History,World Wars and the United Nations,1,1914|1918|1939|1917,A,The immediate cause was the assassination at Sarajevo.,history,2026-27,BA,false,,
The United Nations was established in the year:,History,mcq,easy,Modern World History,World Wars and the United Nations,1,1950|1939|1945|1919,C,Its Charter was signed at San Francisco.,history,2026-27,BA,false,,
The Cold War was the long standoff between:,History,mcq,easy,Modern World History,World Wars and the United Nations,1,Germany and Japan|China and India|The United States and the Soviet Union|Britain and France,C,It was fought through proxies rather than by direct combat.,history,2026-27,BA,false,,
State any three causes of the First World War.,History,short_answer,medium,Modern World History,World Wars and the United Nations,2,,Militarism and an arms race; secret alliance systems dividing Europe; imperial rivalry over colonies; aggressive nationalism in the Balkans; and the assassination of Archduke Franz Ferdinand as the immediate trigger.,,history,2026-27,BA,false,,
Society is best defined as:,Sociology,mcq,easy,Society and Culture,Society and Social Structure,1,A group of people living in one building|A collection of unrelated individuals|A political organisation alone|A system of social relationships,D,MacIver described society as a web of social relationships.,sociology,2026-27,BA,false,,
A social institution is best defined as:,Sociology,mcq,easy,Society and Culture,Society and Social Structure,1,An established pattern of behaviour that meets a basic social need|A building where people work|A government department|A voluntary association,A,Family marriage religion and education are examples.,sociology,2026-27,BA,false,,
Social structure refers to the organised pattern of social relationships and institutions.,Sociology,true_false,easy,Society and Culture,Society and Social Structure,1,,True,It is the relatively stable framework within which social life occurs.,sociology,2026-27,BA,false,,
Distinguish between society and culture.,Sociology,short_answer,medium,Society and Culture,Society and Social Structure,2,,Society is the organised system of people and their relationships while culture is the learned way of life including beliefs customs and material objects that those people share.,,sociology,2026-27,BA,false,,
Culture in sociology refers to:,Sociology,mcq,easy,Society and Culture,Culture Norms and Values,1,The learned way of life of a society|Only classical music and art|The racial traits of a people|The economic system alone,A,It has material and non material elements and is transmitted by learning.,sociology,2026-27,BA,false,,
Socialization is the process by which a person:,Sociology,mcq,easy,Society and Culture,Culture Norms and Values,1,Joins a political party|Learns and internalizes the norms and values of society|Migrates to another country|Moves up the social ladder,B,Family school and peer groups are its principal agents.,sociology,2026-27,BA,false,,
Emile Durkheim called the shared beliefs and values of a society the:,Sociology,mcq,medium,Society and Culture,Culture Norms and Values,1,Social contract|Collective conscience|Class consciousness|Cultural lag,B,He argued that it holds society together.,sociology,2026-27,BA,false,,
Culture is inherited biologically from one generation to the next.,Sociology,true_false,easy,Society and Culture,Culture Norms and Values,1,,False,Culture is learned and socially transmitted rather than carried in the genes.,sociology,2026-27,BA,false,,
Who is regarded as the father of sociology?,Sociology,mcq,easy,Society and Culture,Sociological Thinkers and Approaches,1,Max Weber|Herbert Spencer|Auguste Comte|Karl Marx,C,He coined the term sociology and proposed positivism.,sociology,2026-27,BA,false,,
The concept of class struggle is central to the work of:,Sociology,mcq,easy,Society and Culture,Sociological Thinkers and Approaches,1,Karl Marx|Emile Durkheim|Auguste Comte|Talcott Parsons,A,He read history as the history of class struggles.,sociology,2026-27,BA,false,,
Verstehen or interpretive understanding was advocated by:,Sociology,mcq,medium,Society and Culture,Sociological Thinkers and Approaches,1,Herbert Spencer|Auguste Comte|Max Weber|Karl Marx,C,It means understanding social action from the actor's own point of view.,sociology,2026-27,BA,false,,
State the main difference between the functionalist and the conflict perspective.,Sociology,short_answer,hard,Society and Culture,Sociological Thinkers and Approaches,2,,Functionalism sees society as a system of interdependent parts working together for stability while the conflict perspective sees society as an arena of inequality in which groups compete for scarce resources.,,sociology,2026-27,BA,false,,
The family is called a primary group because its members have:,Sociology,mcq,easy,Social Institutions,Family as a Primary Group,1,Formal written rules|Direct intimate and face to face relations|Only contractual relations|No emotional ties,B,Cooley distinguished primary from secondary groups on this basis.,sociology,2026-27,BA,false,,
A family consisting of a couple and their unmarried children is a:,Sociology,mcq,easy,Social Institutions,Family as a Primary Group,1,Nuclear family|Joint family|Extended family|Matrilineal family,A,Urbanisation and industrialisation have favoured its growth.,sociology,2026-27,BA,false,,
The joint family in India is characterised by common property and a common kitchen.,Sociology,true_false,easy,Social Institutions,Family as a Primary Group,1,,True,It also involves several generations living together under one head.,sociology,2026-27,BA,false,,
List the main functions of the family.,Sociology,short_answer,medium,Social Institutions,Family as a Primary Group,2,,Biological reproduction and regulation of sexual behaviour; socialisation of children; economic cooperation and division of labour; emotional support and affection; and provision of social identity and status.,,sociology,2026-27,BA,false,,
Marriage restricted to one spouse at a time is called:,Sociology,mcq,easy,Social Institutions,Marriage and Kinship,1,Polyandry|Group marriage|Monogamy|Polygyny,C,It is the dominant form in modern societies.,sociology,2026-27,BA,false,,
The rule requiring marriage outside one's own group is:,Sociology,mcq,easy,Social Institutions,Marriage and Kinship,1,Endogamy|Hypergamy|Homogamy|Exogamy,D,Endogamy is the opposite rule of marrying within the group.,sociology,2026-27,BA,false,,
Marriage systems studied in sociology include polygyny polyandry and monogamy.,Sociology,true_false,medium,Social Institutions,Marriage and Kinship,1,,True,Each carries different rules about the number and category of spouses.,sociology,2026-27,BA,false,,
Distinguish between endogamy and exogamy with an example from India.,Sociology,short_answer,medium,Social Institutions,Marriage and Kinship,2,,Endogamy requires marriage within a group such as caste or tribe while exogamy requires marriage outside a group such as the gotra or the village.,,sociology,2026-27,BA,false,,
Education as a social institution functions mainly to:,Sociology,mcq,easy,Social Institutions,Education Religion and Economy,1,Replace the family entirely|Regulate marriage|Transmit knowledge and socialize the young|Guarantee employment,C,It is a formal agent of socialisation.,sociology,2026-27,BA,false,,
Which is a manifest function of education?,Sociology,mcq,medium,Social Institutions,Education Religion and Economy,1,Delaying entry into work|Imparting knowledge and skills|Creating a marriage market|Providing childcare,B,The others are latent or unintended functions.,sociology,2026-27,BA,false,,
Religion is a social institution that deals with the sacred.,Sociology,true_false,easy,Social Institutions,Education Religion and Economy,1,,True,Durkheim defined it by the division of the world into sacred and profane.,sociology,2026-27,BA,false,,
Explain how religion functions as an agent of social control.,Sociology,short_answer,medium,Social Institutions,Education Religion and Economy,2,,It prescribes norms and sanctions through ideas of sin and merit; it legitimises the existing social order; its rituals reinforce group solidarity; and it supplies a moral framework that guides individual conduct.,,sociology,2026-27,BA,false,,
The caste system in India is based primarily on:,Sociology,mcq,easy,Social Stratification,Caste System in India,1,Birth and heredity|Wealth alone|Education|Freely chosen occupation,A,Membership is ascribed and normally unchangeable.,sociology,2026-27,BA,false,,
The concept of sanskritisation was coined by:,Sociology,mcq,easy,Social Stratification,Caste System in India,1,M. N. Srinivas|G. S. Ghurye|Louis Dumont|Andre Beteille,A,It describes a lower caste adopting the practices of a higher caste in order to rise.,sociology,2026-27,BA,false,,
The jajmani system refers to hereditary patron client relations between caste groups.,Sociology,true_false,medium,Social Stratification,Caste System in India,1,,True,Service castes rendered customary services to landowning patrons.,sociology,2026-27,BA,false,,
State any four features of the caste system.,Sociology,short_answer,medium,Social Stratification,Caste System in India,2,,Segmental division of society; a hierarchy of castes; restrictions on social intercourse and commensality; endogamy; hereditary occupation; and the civil and religious disabilities and privileges of the different castes.,,sociology,2026-27,BA,false,,
A class differs from a caste mainly because a class is:,Sociology,mcq,easy,Social Stratification,Class and Status,1,Based on birth and closed|Always hereditary|Sanctioned by religion|Based on economic position and relatively open,D,Mobility between classes is possible.,sociology,2026-27,BA,false,,
Status that a person receives at birth is called:,Sociology,mcq,easy,Social Stratification,Class and Status,1,Role status|Ascribed status|Achieved status|Master status,B,Achieved status is earned through a person's own effort.,sociology,2026-27,BA,false,,
Class consciousness means awareness of shared economic interests among class members.,Sociology,true_false,medium,Social Stratification,Class and Status,1,,True,Marx treated it as the basis of collective class action.,sociology,2026-27,BA,false,,
Distinguish between caste and class.,Sociology,short_answer,medium,Social Stratification,Class and Status,2,,Caste is a closed ascribed status group based on birth with ritual sanction and endogamy; class is an open economic grouping based on income occupation and education that permits mobility and intermarriage.,,sociology,2026-27,BA,false,,
Social mobility refers to:,Sociology,mcq,easy,Social Stratification,Social Mobility,1,Movement of people between social strata|Migration between villages|Growth of population|Change of religion,A,It may be vertical or horizontal.,sociology,2026-27,BA,false,,
A change from one occupation to another of the same status is:,Sociology,mcq,medium,Social Stratification,Social Mobility,1,Upward mobility|Intergenerational mobility|Horizontal mobility|Vertical mobility,C,Vertical mobility changes the level of status.,sociology,2026-27,BA,false,,
Mobility across generations within a family is called:,Sociology,mcq,easy,Social Stratification,Social Mobility,1,Structural mobility|Horizontal mobility|Intergenerational mobility|Intragenerational mobility,C,For example a farmer's son becoming a doctor.,sociology,2026-27,BA,false,,
State any three factors that promote social mobility in modern India.,Sociology,short_answer,medium,Social Stratification,Social Mobility,2,,Western education and new occupations; urbanisation and industrialisation; reservation and welfare legislation; and democratic politics weakening caste restrictions on occupation.,,sociology,2026-27,BA,false,,
Modernization in Indian society includes:,Sociology,mcq,easy,Social Change,Modernization and Development,1,A strengthening of caste rules|A shift towards rational scientific and secular values|A return to subsistence farming|Rejection of all technology,B,Yogendra Singh studied it as a process of planned social change.,sociology,2026-27,BA,false,,
Development in sociology is best understood as:,Sociology,mcq,medium,Social Change,Modernization and Development,1,An increase in exports only|Economic growth accompanied by social transformation|A rise in national income alone|Growth in the number of factories,B,It includes change in institutions welfare and the quality of life.,sociology,2026-27,BA,false,,
Modernisation necessarily means westernisation.,Sociology,true_false,medium,Social Change,Modernization and Development,1,,False,A society can adopt scientific and rational methods while retaining its own cultural identity.,sociology,2026-27,BA,false,,
State any three features of modernisation.,Sociology,short_answer,easy,Social Change,Modernization and Development,2,,A rational and scientific outlook; secularisation of institutions; industrialisation and urbanisation; expansion of formal education; and greater social mobility and individualism.,,sociology,2026-27,BA,false,,
A social movement is:,Sociology,mcq,easy,Social Change,Social Movements in India,1,A government scheme|A religious ritual|An organized collective effort to promote or resist social change|A random crowd,C,It has shared goals leadership and sustained collective action.,sociology,2026-27,BA,false,,
Which is an example of a peasant movement in India?,Sociology,mcq,medium,Social Change,Social Movements in India,1,The Chipko movement|The Narmada Bachao Andolan|The Dalit Panthers|The Tebhaga movement,D,It demanded a larger share of the harvest for sharecroppers in Bengal.,sociology,2026-27,BA,false,,
Social movements may aim at change or at resistance to change.,Sociology,true_false,medium,Social Change,Social Movements in India,1,,True,Movements can be progressive reformist or revivalist.,sociology,2026-27,BA,false,,
Explain any three types of social movement found in India.,Sociology,short_answer,hard,Social Change,Social Movements in India,2,,Peasant and agrarian movements over land and rents; tribal movements asserting rights over forest and land; Dalit and backward class movements against caste oppression; environmental movements; women's movements; and movements of industrial workers.,,sociology,2026-27,BA,false,,
Globalization affects society mainly through faster flows of:,Sociology,mcq,easy,Social Change,Globalization and Society,1,Government orders alone|Agricultural produce alone|Local customs alone|Goods capital people and ideas,D,It compresses time and space in social life.,sociology,2026-27,BA,false,,
Economic liberalization in India was announced in:,Sociology,mcq,easy,Social Change,Globalization and Society,1,1947|1975|2005|1991,D,It opened the economy to global trade and investment.,sociology,2026-27,BA,false,,
The green revolution in India transformed:,Sociology,mcq,easy,Social Change,Globalization and Society,1,The caste system|Urban housing|The judiciary|Agricultural production through high yielding varieties,D,It raised wheat and rice output but widened regional and class differences.,sociology,2026-27,BA,false,,
State any three social consequences of globalization in India.,Sociology,short_answer,medium,Social Change,Globalization and Society,2,,Growth of a consumer culture and global media; new opportunities in services and migration; widening inequality between those connected to the global economy and those who are not; and pressure on traditional occupations and local cultures.,,sociology,2026-27,BA,false,,
Psychology is the scientific study of:,Psychology,mcq,easy,Introduction and Theories,Definition and Early Schools,1,Behaviour and mental processes|The economy|Social institutions only|The brain alone,A,It uses systematic observation and experiment.,psychology,2026-27,BA,false,,
Who established the first psychology laboratory in Leipzig in 1879?,Psychology,mcq,easy,Introduction and Theories,Definition and Early Schools,1,Sigmund Freud|William James|Ivan Pavlov|Wilhelm Wundt,D,This event is usually taken as the birth of experimental psychology.,psychology,2026-27,BA,false,,
Structuralism studied conscious experience through:,Psychology,mcq,easy,Introduction and Theories,Definition and Early Schools,1,Animal experiments|Case studies|Introspection|Dream analysis,C,Titchener tried to break consciousness into its elements.,psychology,2026-27,BA,false,,
State the main ideas of the functionalist school of psychology.,Psychology,short_answer,medium,Introduction and Theories,Definition and Early Schools,2,,It was developed by William James and asked what the mind does rather than what it is made of; it studied the functions of consciousness in helping the organism adapt to its environment.,,psychology,2026-27,BA,false,,
The psychoanalytic approach was founded by:,Psychology,mcq,easy,Introduction and Theories,Major Approaches in Psychology,1,Abraham Maslow|Carl Rogers|Sigmund Freud|B. F. Skinner,C,It emphasised the unconscious mind and early childhood experience.,psychology,2026-27,BA,false,,
The behaviourist approach holds that psychology should study only:,Psychology,mcq,easy,Introduction and Theories,Major Approaches in Psychology,1,Self actualisation|Genetic inheritance|Observable behaviour|Unconscious conflicts,C,Watson and Skinner were its leading figures.,psychology,2026-27,BA,false,,
The humanistic approach emphasizes:,Psychology,mcq,medium,Introduction and Theories,Major Approaches in Psychology,1,The id ego and superego|Cognitive schemas|Personal growth and self actualisation|Conditioned reflexes,C,Maslow and Rogers are its main representatives.,psychology,2026-27,BA,false,,
The cognitive approach views the mind as an information processor.,Psychology,true_false,medium,Introduction and Theories,Major Approaches in Psychology,1,,True,It studies attention memory and problem solving using models of information processing.,psychology,2026-27,BA,false,,
The case study method involves:,Psychology,mcq,easy,Introduction and Theories,Research Methods in Psychology,1,Testing thousands of people|Manipulating a variable in a laboratory|Observing behaviour without recording it|An intensive study of one person or a small group,D,It gives rich detail but has limited generalisability.,psychology,2026-27,BA,false,,
In an experiment the variable that is manipulated is the:,Psychology,mcq,easy,Introduction and Theories,Research Methods in Psychology,1,Control variable|Independent variable|Dependent variable|Extraneous variable,B,The dependent variable is the one that is measured.,psychology,2026-27,BA,false,,
The survey method collects data from a sample using questionnaires or interviews.,Psychology,true_false,easy,Introduction and Theories,Research Methods in Psychology,1,,True,Findings are generalised to the population from the sample.,psychology,2026-27,BA,false,,
What is the difference between naturalistic observation and controlled observation?,Psychology,short_answer,medium,Introduction and Theories,Research Methods in Psychology,2,,In naturalistic observation behaviour is recorded as it occurs in the real setting without interference while in controlled observation it is recorded in an arranged setting such as a laboratory where conditions can be manipulated.,,psychology,2026-27,BA,false,,
The laws of classical conditioning were discovered by:,Psychology,mcq,easy,Learning and Memory,Classical Conditioning,1,B. F. Skinner|Edward Thorndike|Albert Bandura|Ivan Pavlov,D,He conditioned salivation in dogs using a bell.,psychology,2026-27,BA,false,,
In classical conditioning the unconditioned stimulus is one that:,Psychology,mcq,easy,Learning and Memory,Classical Conditioning,1,Is neutral at first|Is presented after the response|Punishes the response|Elicits a response naturally without prior learning,D,Food in Pavlov's experiment was the unconditioned stimulus.,psychology,2026-27,BA,false,,
The gradual weakening of a conditioned response when the CS is presented without the UCS is:,Psychology,mcq,medium,Learning and Memory,Classical Conditioning,1,Extinction|Generalisation|Discrimination|Spontaneous recovery,A,After a rest period the response may reappear spontaneously.,psychology,2026-27,BA,false,,
State the main principles of classical conditioning.,Psychology,short_answer,medium,Learning and Memory,Classical Conditioning,2,,Pairing a neutral stimulus with an unconditioned stimulus until the neutral stimulus alone elicits a conditioned response; acquisition extinction and spontaneous recovery; and stimulus generalisation and discrimination.,,psychology,2026-27,BA,false,,
Operant conditioning is associated with the work of:,Psychology,mcq,easy,Learning and Memory,Operant Conditioning,1,Ivan Pavlov|Wilhelm Wundt|Carl Jung|B. F. Skinner,D,He used a Skinner box to study rats and pigeons.,psychology,2026-27,BA,false,,
Positive reinforcement increases behaviour by:,Psychology,mcq,easy,Learning and Memory,Operant Conditioning,1,Presenting a pleasant stimulus after the behaviour|Removing an unpleasant stimulus|Presenting an unpleasant stimulus|Withholding all consequences,A,Praise for completing homework is an example.,psychology,2026-27,BA,false,,
The law of effect was proposed by:,Psychology,mcq,medium,Learning and Memory,Operant Conditioning,1,Albert Bandura|Wolfgang Kohler|Edward Thorndike|Ivan Pavlov,C,Behaviour followed by satisfaction tends to be repeated.,psychology,2026-27,BA,false,,
Punishment always produces a permanent decrease in behaviour.,Psychology,true_false,hard,Learning and Memory,Operant Conditioning,1,,False,Its effects are often temporary and it may produce fear aggression or avoidance of the punisher.,psychology,2026-27,BA,false,,
The correct order of the basic memory processes is:,Psychology,mcq,easy,Learning and Memory,Memory Systems and Forgetting,1,Retrieval encoding and storage|Encoding retrieval and storage|Encoding storage and retrieval|Storage encoding and retrieval,C,Failure at any stage produces forgetting.,psychology,2026-27,BA,false,,
Sensory memory holds information for:,Psychology,mcq,easy,Learning and Memory,Memory Systems and Forgetting,1,A lifetime|A fraction of a second to a few seconds|About a minute|Several hours,B,It is a brief register of sensory input.,psychology,2026-27,BA,false,,
Short term memory is also known as:,Psychology,mcq,easy,Learning and Memory,Memory Systems and Forgetting,1,Procedural memory|Working memory|Long term memory|Echoic memory,B,Its capacity is usually taken as seven plus or minus two items.,psychology,2026-27,BA,false,,
Explain any three causes of forgetting.,Psychology,short_answer,medium,Learning and Memory,Memory Systems and Forgetting,2,,Decay of the memory trace with disuse; interference from other material learned before or after; repression of unpleasant memories; retrieval failure when cues are absent; and brain injury or disease.,,psychology,2026-27,BA,false,,
The first practical intelligence test was developed by:,Psychology,mcq,easy,Intelligence,Intelligence Testing and IQ,1,Alfred Binet|Charles Spearman|Howard Gardner|Robert Sternberg,A,It was designed to identify children needing school assistance.,psychology,2026-27,BA,false,,
Intelligence quotient is calculated as:,Psychology,mcq,easy,Intelligence,Intelligence Testing and IQ,1,Chronological age divided by mental age multiplied by 100|Mental age plus chronological age|Mental age multiplied by chronological age|Mental age divided by chronological age multiplied by 100,D,William Stern proposed the formula.,psychology,2026-27,BA,false,,
A child of 10 years with a mental age of 12 has an IQ of:,Psychology,numerical,medium,Intelligence,Intelligence Testing and IQ,1,,120,IQ = (12 / 10) x 100 = 120.,psychology,2026-27,BA,false,,
The average range of IQ in most standard tests is about 90 to 110.,Psychology,true_false,easy,Intelligence,Intelligence Testing and IQ,1,,True,Scores near 100 are the most common.,psychology,2026-27,BA,false,,
The two factor theory of intelligence was proposed by:,Psychology,mcq,easy,Intelligence,Theories of Intelligence,1,Charles Spearman|Louis Thurstone|Howard Gardner|J. P. Guilford,A,It posited a general factor g and specific factors s.,psychology,2026-27,BA,false,,
The theory of multiple intelligences was proposed by:,Psychology,mcq,easy,Intelligence,Theories of Intelligence,1,Lewis Terman|Howard Gardner|Charles Spearman|Alfred Binet,B,It includes linguistic logical musical spatial bodily and interpersonal intelligences.,psychology,2026-27,BA,false,,
Thurstone's theory proposed:,Psychology,mcq,medium,Intelligence,Theories of Intelligence,1,Two factor intelligence|Seven primary mental abilities|A single general factor|Three strata only,B,He rejected a dominant g in favour of relatively independent abilities.,psychology,2026-27,BA,false,,
Compare Spearman's and Gardner's views of intelligence.,Psychology,short_answer,medium,Intelligence,Theories of Intelligence,2,,Spearman treated intelligence as one general ability plus specific abilities measured by tests while Gardner proposed several relatively independent intelligences of which logical and linguistic abilities are only two.,,psychology,2026-27,BA,false,,
Emotional intelligence refers to the ability to:,Psychology,mcq,easy,Intelligence,Emotional Intelligence and Aptitude,1,Solve arithmetic problems quickly|Recall facts accurately|Score highly on IQ tests|Recognise understand and manage one's own and others' emotions,D,Salovey and Mayer introduced the concept and Goleman popularised it.,psychology,2026-27,BA,false,,
Aptitude refers to a person's:,Psychology,mcq,easy,Intelligence,Emotional Intelligence and Aptitude,1,Interest in a hobby|Emotional stability|Potential to learn a particular skill|Current level of achievement,C,Aptitude tests predict future performance.,psychology,2026-27,BA,false,,
An achievement test measures what a person has already learned.,Psychology,true_false,easy,Intelligence,Emotional Intelligence and Aptitude,1,,True,An aptitude test by contrast predicts what a person could learn.,psychology,2026-27,BA,false,,
State any four components of emotional intelligence.,Psychology,short_answer,medium,Intelligence,Emotional Intelligence and Aptitude,2,,Self awareness of one's emotions; self regulation of impulses and moods; motivation and persistence; empathy for others' feelings; and social skills for managing relationships.,,psychology,2026-27,BA,false,,
Mental health is best described as:,Psychology,mcq,easy,Mental Health,Mental Health and Mental Disorders,1,Physical fitness alone|A state of wellbeing in which a person copes with the normal stresses of life|The absence of any emotion|A high score on an intelligence test,B,The WHO definition includes the ability to work productively.,psychology,2026-27,BA,false,,
Disorders marked by excessive fear and apprehension are called:,Psychology,mcq,easy,Mental Health,Mental Health and Mental Disorders,1,Anxiety disorders|Mood disorders|Personality disorders|Psychotic disorders,A,Phobias and panic disorder belong to this group.,psychology,2026-27,BA,false,,
Which is classified as a psychotic disorder?,Psychology,mcq,medium,Mental Health,Mental Health and Mental Disorders,1,Obsessive compulsive disorder|Anorexia nervosa|Generalised anxiety disorder|Schizophrenia,D,It involves delusions hallucinations and a loss of contact with reality.,psychology,2026-27,BA,false,,
Mental disorders are caused only by weak character.,Psychology,true_false,easy,Mental Health,Mental Health and Mental Disorders,1,,False,They arise from an interaction of biological psychological and social factors.,psychology,2026-27,BA,false,,
Psychoanalysis uses which technique to bring unconscious material into awareness?,Psychology,mcq,easy,Mental Health,Therapeutic Approaches,1,Systematic desensitisation|Token economy|Electroconvulsive therapy|Free association,D,Dream interpretation and analysis of resistance are also used.,psychology,2026-27,BA,false,,
Cognitive behaviour therapy aims to:,Psychology,mcq,easy,Mental Health,Therapeutic Approaches,1,Uncover childhood conflicts only|Prescribe medication|Explore the collective unconscious|Change maladaptive thoughts and behaviours,D,Aaron Beck developed the cognitive form of this therapy.,psychology,2026-27,BA,false,,
Client centred therapy was developed by:,Psychology,mcq,medium,Mental Health,Therapeutic Approaches,1,B. F. Skinner|Fritz Perls|Carl Rogers|Sigmund Freud,C,It stresses unconditional positive regard and empathy.,psychology,2026-27,BA,false,,
Distinguish between psychotherapy and biomedical therapy.,Psychology,short_answer,medium,Mental Health,Therapeutic Approaches,2,,Psychotherapy uses psychological methods such as talking insight and behaviour change while biomedical therapy uses drugs and other physiological treatments directed at the nervous system.,,psychology,2026-27,BA,false,,
Hans Selye described the body's reaction to stress as:,Psychology,mcq,easy,Mental Health,Stress Coping and Wellbeing,1,Cognitive dissonance|Learned helplessness|The general adaptation syndrome|The relaxation response,C,It has three stages of alarm resistance and exhaustion.,psychology,2026-27,BA,false,,
Problem focused coping involves:,Psychology,mcq,easy,Mental Health,Stress Coping and Wellbeing,1,Taking direct action to change the source of stress|Avoiding the situation|Denying the problem|Seeking emotional comfort only,A,Emotion focused coping regulates the feelings attached to the stressor.,psychology,2026-27,BA,false,,
Which of these is a healthy way to reduce stress?,Psychology,mcq,easy,Mental Health,Stress Coping and Wellbeing,1,Substance use|Regular physical exercise|Excessive caffeine intake|Social withdrawal,B,Exercise lowers physiological arousal and improves mood.,psychology,2026-27,BA,false,,
State any four techniques used to cope with stress.,Psychology,short_answer,medium,Mental Health,Stress Coping and Wellbeing,2,,Relaxation and breathing exercises; regular physical activity; time management and realistic goal setting; social support from family and friends; and cognitive restructuring of negative thoughts.,,psychology,2026-27,BA,false,,
A function f is continuous at x = a if the limit of f(x) as x approaches a equals f(a). This statement is:,Mathematics,true_false,easy,Limits and Continuity,Continuity at a Point,1,,True,All three conditions: f(a) exists; the limit exists; and the two are equal.,mathematics,2026-27,B.Sc,false,,
The intermediate value theorem requires the function to be:,Mathematics,mcq,medium,Limits and Continuity,Standard Limits and Theorems,1,Continuous on a closed interval|Differentiable|Increasing|Periodic,A,A continuous function takes every value between its endpoint values.,mathematics,2026-27,B.Sc,false,,
State the definition of continuity of a function at a point.,Mathematics,short_answer,easy,Limits and Continuity,Continuity at a Point,2,,The function is continuous at a point if the limit as x approaches the point exists and is equal to the value of the function at that point.,,mathematics,2026-27,B.Sc,false,,
The derivative of x cubed is:,Mathematics,mcq,easy,Differentiation,Derivative from First Principles,1,3 x|x cubed / 3|x squared|3 x squared,D,Apply the power rule: bring down the exponent and reduce it by one.,mathematics,2026-27,B.Sc,false,,
The derivative of sin x is:,Mathematics,mcq,easy,Differentiation,Derivative from First Principles,1,-sin x|tan x|cos x|-cos x,C,The derivative of cos x is -sin x which is the companion result.,mathematics,2026-27,B.Sc,false,,
The chain rule states that the derivative of f(g(x)) equals f prime of g(x) times g prime of x. This statement is:,Mathematics,true_false,medium,Differentiation,Rules of Differentiation,1,,True,Differentiate the outer function keeping the inner intact then multiply by the inner derivative.,mathematics,2026-27,B.Sc,false,,
At a local maximum of a differentiable function the derivative equals zero. This statement is:,Mathematics,true_false,medium,Differentiation,Applications of Derivatives,1,,True,Fermat's theorem: an interior extremum of a differentiable function has a horizontal tangent.,mathematics,2026-27,B.Sc,false,,
State the product rule for differentiation.,Mathematics,short_answer,easy,Differentiation,Rules of Differentiation,2,,The derivative of the product f g is f prime g plus f g prime.,,mathematics,2026-27,B.Sc,false,,
The integral of 2x dx is:,Mathematics,mcq,easy,Integration,Indefinite Integrals,1,2 x squared + C|x + C|2 + C|x squared + C,D,Differentiating x squared + C gives back 2x.,mathematics,2026-27,B.Sc,false,,
The fundamental theorem of calculus connects differentiation and integration. This statement is:,Mathematics,true_false,medium,Integration,Definite Integrals and Fundamental Theorem,1,,True,It shows that integration is the inverse of differentiation and gives the evaluation rule for definite integrals.,mathematics,2026-27,B.Sc,false,,
The definite integral of 3x squared from 0 to 1 equals:,Mathematics,numerical,medium,Integration,Definite Integrals and Fundamental Theorem,1,,1,An antiderivative is x cubed; evaluating from 0 to 1 gives 1 - 0.,mathematics,2026-27,B.Sc,false,,
Explain what an indefinite integral means.,Mathematics,short_answer,easy,Integration,Indefinite Integrals,2,,It denotes the family of all antiderivatives of a function; any two members differ by a constant C.,,mathematics,2026-27,B.Sc,false,,
The order of a differential equation is the:,Mathematics,mcq,easy,Differential Equations,Order Degree and Formation,1,Degree of the highest derivative|Highest order derivative present|Number of independent variables|Power of x,B,An equation with y prime prime is of second order.,mathematics,2026-27,B.Sc,false,,
The general solution of dy/dx = y is:,Mathematics,mcq,medium,Differential Equations,First Order Linear Equations,1,y = sin x|y = C e to the x|y = ln x|y = x squared,B,Separate variables: dy/y = dx; integrate to get ln|y| = x + C.,mathematics,2026-27,B.Sc,false,,
An equation of the form dy/dx + P(x) y = Q(x) is a first order linear ordinary differential equation. This statement is:,Mathematics,true_false,medium,Differential Equations,First Order Linear Equations,1,,True,It is solved using an integrating factor.,mathematics,2026-27,B.Sc,false,,
The integrating factor for dy/dx + P(x) y = Q(x) is e to the integral of P dx. This statement is:,Mathematics,true_false,hard,Differential Equations,First Order Linear Equations,1,,True,Multiplying through makes the left side the derivative of a product.,mathematics,2026-27,B.Sc,false,,
Define the order and degree of a differential equation.,Mathematics,short_answer,medium,Differential Equations,Order Degree and Formation,2,,The order is the highest derivative present; the degree is the power of that highest derivative when the equation is a polynomial in its derivatives.,,mathematics,2026-27,B.Sc,false,,
The splitting of white light into its colours is called:,Physics,mcq,easy,Waves and Optics,Reflection Refraction and Mirrors,1,Emission|Reflection|Dispersion|Absorption,C,Different wavelengths bend by different amounts in a prism.,physics,2026-27,B.Sc,false,,
Young's double slit experiment demonstrates the:,Physics,mcq,medium,Waves and Optics,Interference and Diffraction,1,Particle nature of light|Wave nature of light through interference|Gravitation of light|Charge of light,B,The alternating bright and dark fringes come from constructive and destructive interference.,physics,2026-27,B.Sc,false,,
The focal length of a plane mirror is infinite. This statement is:,Physics,true_false,medium,Waves and Optics,Reflection Refraction and Mirrors,1,,True,Its reflecting surface has no curvature so the focal length is taken as infinity.,physics,2026-27,B.Sc,false,,
State Huygens' principle.,Physics,short_answer,medium,Waves and Optics,Wave Motion and Huygens Principle,2,,Every point on a wavefront acts as a source of secondary wavelets and the new wavefront is the envelope of those wavelets.,,physics,2026-27,B.Sc,false,,
The SI unit of electrical resistance is the:,Physics,mcq,easy,Electricity and Magnetism,Ohms Law and Circuits,1,Volt|Ampere|Ohm|Watt,C,One ohm is the resistance that allows one ampere under one volt.,physics,2026-27,B.Sc,false,,
Ohm's law holds exactly when the:,Physics,mcq,medium,Electricity and Magnetism,Ohms Law and Circuits,1,Circuit is open|Voltage is changing rapidly|Temperature is kept constant|Current is zero,C,V = I R for ohmic conductors at constant temperature.,physics,2026-27,B.Sc,false,,
The magnetic force on a moving charge is given by F = q v cross B. This statement is:,Physics,true_false,medium,Electricity and Magnetism,Magnetic Effects and Induction,1,,True,The force is perpendicular to both the velocity and the field and equals q v B sin theta.,physics,2026-27,B.Sc,false,,
State Kirchhoff's junction rule.,Physics,short_answer,easy,Electricity and Magnetism,Ohms Law and Circuits,2,,The total current entering a junction equals the total current leaving it; it is a statement of conservation of charge.,,physics,2026-27,B.Sc,false,,
The photoelectric effect was explained by:,Physics,mcq,easy,Modern Physics,Photoelectric Effect and Photons,1,Niels Bohr alone|James Maxwell|Isaac Newton|Albert Einstein,D,Einstein showed that light comes in quanta (photons) of energy h f; he won the Nobel Prize for this.,physics,2026-27,B.Sc,false,,
The energy of a photon is given by:,Physics,mcq,easy,Modern Physics,Photoelectric Effect and Photons,1,E = m v squared|E = h f / c|E = h f|E = m c squared only,C,Energy is proportional to the frequency of the radiation.,physics,2026-27,B.Sc,false,,
In the Bohr model electrons occupy stationary orbits with quantized angular momentum. This statement is:,Physics,true_false,medium,Modern Physics,Atomic Models and Spectra,1,,True,An electron radiates energy only when it jumps between allowed orbits.,physics,2026-27,B.Sc,false,,
The energy released in the fission of uranium 235 comes from the mass defect converted by E = m c squared. This statement is:,Physics,true_false,medium,Modern Physics,Nuclear Physics and Uncertainty,1,,True,The products weigh slightly less than the reactants and the lost mass appears as energy.,physics,2026-27,B.Sc,false,,
State Heisenberg's uncertainty principle.,Physics,short_answer,medium,Modern Physics,Nuclear Physics and Uncertainty,2,,The product of the uncertainties in position and momentum is at least h over 4 pi; the two cannot be known exactly at the same time.,,physics,2026-27,B.Sc,false,,
The first law of thermodynamics is a statement of:,Physics,mcq,easy,Thermodynamics,First Law and Thermodynamic Processes,1,Conservation of energy|Newton's first law|Ohm's law|Increase of entropy,A,Energy can change form but the total energy of an isolated system is constant.,physics,2026-27,B.Sc,false,,
In an isothermal process the:,Physics,mcq,easy,Thermodynamics,First Law and Thermodynamic Processes,1,Temperature is constant|Volume is constant|Pressure is constant|Heat exchange is zero,A,For an ideal gas internal energy depends only on temperature so delta U is zero in an isothermal change.,physics,2026-27,B.Sc,false,,
The efficiency of a Carnot engine depends only on the temperatures of the source and the sink. This statement is:,Physics,true_false,medium,Thermodynamics,Carnot Engine and Absolute Zero,1,,True,No real engine can exceed the Carnot efficiency for the same reservoirs.,physics,2026-27,B.Sc,false,,
Absolute zero is:,Physics,mcq,medium,Thermodynamics,Carnot Engine and Absolute Zero,1,100 kelvin|-100 degrees Celsius|0 degrees Celsius|0 kelvin (about -273.15 degrees Celsius),D,It is the lower limit of the thermodynamic temperature scale.,physics,2026-27,B.Sc,false,,
State the second law of thermodynamics in the Clausius form.,Physics,short_answer,medium,Thermodynamics,Second Law and Entropy,2,,Heat cannot of itself pass from a colder body to a hotter body; external work is required for refrigeration.,,physics,2026-27,B.Sc,false,,
The bond formed by the sharing of electron pairs is the:,Chemistry,mcq,easy,Chemical Bonding,Ionic and Covalent Bonds,1,Ionic bond|Covalent bond|Metallic bond|Hydrogen bond,B,Atoms share pairs to complete their valence shells.,chemistry,2026-27,B.Sc,false,,
The VSEPR theory predicts molecular shape from the:,Chemistry,mcq,medium,Chemical Bonding,Molecular Geometry and VSEPR,1,Colour of the compound|Repulsion of electron pairs around the central atom|Mass of the central atom|Charge of the nucleus only,B,Electron pairs arrange themselves as far apart as possible.,chemistry,2026-27,B.Sc,false,,
Among H2O; H2S; HCl; and CH4 the strongest hydrogen bonding is shown by water. This statement is:,Chemistry,true_false,medium,Chemical Bonding,Hydrogen Bonding and Intermolecular Forces,1,,True,Oxygen is small and highly electronegative so O-H-O hydrogen bonds are strong.,chemistry,2026-27,B.Sc,false,,
Distinguish between an ionic bond and a covalent bond.,Chemistry,short_answer,medium,Chemical Bonding,Ionic and Covalent Bonds,2,,An ionic bond involves transfer of electrons between metal and non metal with electrostatic attraction and high melting points; a covalent bond involves sharing of electron pairs usually between non metals with lower melting points.,,chemistry,2026-27,B.Sc,false,,
The entropy of a system increases when its disorder increases. This statement is:,Chemistry,true_false,easy,Chemical Thermodynamics,Entropy and Disorder,1,,True,Gases have higher entropy than liquids which have higher entropy than solids.,chemistry,2026-27,B.Sc,false,,
The enthalpy change of a reaction depends only on the initial and final states. This statement is:,Chemistry,true_false,medium,Chemical Thermodynamics,Enthalpy and Hesss Law,1,,True,Enthalpy is a state function; this is the basis of Hess's law.,chemistry,2026-27,B.Sc,false,,
The device that converts chemical energy into electrical energy is:,Chemistry,mcq,easy,Electrochemistry,Galvanic Cells and Electrode Potential,1,A capacitor|An electrolytic cell|A galvanic (voltaic) cell|A transformer,C,A spontaneous redox reaction drives the current in a galvanic cell.,chemistry,2026-27,B.Sc,false,,
The Nernst equation is used to calculate the cell potential under non standard conditions. This statement is:,Chemistry,true_false,medium,Electrochemistry,Nernst Equation and Conductance,1,,True,It relates potential to the activities (concentrations) of the reacting species.,chemistry,2026-27,B.Sc,false,,
Corrosion of iron is essentially an electrochemical oxidation process. This statement is:,Chemistry,true_false,easy,Electrochemistry,Electrolysis Faradays Laws and Corrosion,1,,True,Iron acts as an anode and loses electrons in the presence of moisture and oxygen.,chemistry,2026-27,B.Sc,false,,
State Faraday's first law of electrolysis.,Chemistry,short_answer,medium,Electrochemistry,Electrolysis Faradays Laws and Corrosion,2,,The mass of a substance deposited or liberated at an electrode is proportional to the quantity of electricity that passes through the electrolyte: m = Z I t.,,chemistry,2026-27,B.Sc,false,,
The central metal ion in the complex [Co(NH3)6]Cl3 is:,Chemistry,mcq,easy,Coordination Compounds,Nomenclature and Isomerism,1,Nitrogen|Chlorine|Cobalt|Ammonia,C,Six ammonia ligands are coordinated to the cobalt inside the brackets.,chemistry,2026-27,B.Sc,false,,
The coordination number of the complex ion [Fe(CN)6] 3- is:,Chemistry,mcq,medium,Coordination Compounds,Ligands and Coordination Number,1,3|6|2|4,B,It equals the number of donor atoms bonded to the central metal; here six cyanide carbons.,chemistry,2026-27,B.Sc,false,,
Ammonia acts as a monodentate ligand. This statement is:,Chemistry,true_false,medium,Coordination Compounds,Ligands and Coordination Number,1,,True,It donates a single lone pair from the nitrogen atom.,chemistry,2026-27,B.Sc,false,,
The complex [Co(NH3)6]Cl3 dissociates in solution into one complex cation and three chloride ions. This statement is:,Chemistry,true_false,medium,Coordination Compounds,Nomenclature and Isomerism,1,,True,The ions inside the coordination sphere do not ionize; the counter ions do.,chemistry,2026-27,B.Sc,false,,
Define a ligand and a coordination entity.,Chemistry,short_answer,medium,Coordination Compounds,Ligands and Coordination Number,2,,A ligand is an ion or molecule that donates a lone pair of electrons to a metal; the coordination entity is the central metal with its ligands enclosed in brackets.,,chemistry,2026-27,B.Sc,false,,
In Python which of the following is an immutable data type:,Computer Science,mcq,medium,Programming Fundamentals,Variables Data Types and Operators,1,set|list|tuple|dict,C,Once created a tuple's elements cannot be changed.,computer,2026-27,B.Sc,false,,
An infinite loop occurs when the loop condition never becomes false. This statement is:,Computer Science,true_false,easy,Programming Fundamentals,Control Flow and Loops,1,,True,A missing or wrong update of the loop variable is the most common cause.,computer,2026-27,B.Sc,false,,
Distinguish between a compiler and an interpreter.,Computer Science,short_answer,medium,Programming Fundamentals,Functions and Complexity,2,,A compiler translates the whole source program into machine code before execution; an interpreter executes the source line by line at run time.,,computer,2026-27,B.Sc,false,,
A stack follows the:,Computer Science,mcq,easy,Data Structures,Stacks and Queues,1,LIFO principle|Random access principle|Priority principle|FIFO principle,A,The last element pushed is the first one popped.,computer,2026-27,B.Sc,false,,
A queue follows the FIFO principle. This statement is:,Computer Science,true_false,easy,Data Structures,Stacks and Queues,1,,True,The first element enqueued is the first one dequeued; it models waiting lines.,computer,2026-27,B.Sc,false,,
In a binary search tree the left child of a node holds keys:,Computer Science,mcq,easy,Data Structures,Trees and Graphs,1,Smaller than the node|Equal to the node|Always null|Larger than the node,A,This ordering makes search traverse one side at a time.,computer,2026-27,B.Sc,false,,
The average time complexity of a hash table lookup with a good hash function is O(1). This statement is:,Computer Science,true_false,medium,Data Structures,Hashing and Sorting,1,,True,Collisions degrade the worst case but the average stays constant for a good load factor.,computer,2026-27,B.Sc,false,,
State three applications of a stack.,Computer Science,short_answer,medium,Data Structures,Stacks and Queues,2,,Managing function calls (the call stack); evaluating arithmetic expressions; and matching brackets in code.,,computer,2026-27,B.Sc,false,,
In a relational database a table is a:,Computer Science,mcq,easy,Databases and SQL,Relational Model and Keys,1,Class|Pointer|File|Relation,D,Rows are tuples and columns are attributes of the relation.,computer,2026-27,B.Sc,false,,
The SQL command used to retrieve data is:,Computer Science,mcq,easy,Databases and SQL,SQL Commands,1,DELETE|INSERT|SELECT|UPDATE,C,SELECT specifies which columns and which rows to return.,computer,2026-27,B.Sc,false,,
The primary key of a table must be unique and not null. This statement is:,Computer Science,true_false,easy,Databases and SQL,Relational Model and Keys,1,,True,It uniquely identifies every row of the table.,computer,2026-27,B.Sc,false,,
Normalization is used to reduce redundancy and update anomalies. This statement is:,Computer Science,true_false,medium,Databases and SQL,Normalization and Design,1,,True,Each form of normal form removes a specific kind of dependency problem.,computer,2026-27,B.Sc,false,,
Explain what a foreign key is.,Computer Science,short_answer,medium,Databases and SQL,Relational Model and Keys,2,,A foreign key is a column or set of columns in one table that references the primary key of another table; it enforces the relationship between the two tables.,,computer,2026-27,B.Sc,false,,
The process of switching the CPU between running processes is called:,Computer Science,mcq,easy,Operating Systems,Process Scheduling and Deadlock,1,Printing|Compiling|Booting|Context switching,D,The saved state of one process is stored and the state of the next is restored.,computer,2026-27,B.Sc,false,,
The four Coffman conditions for deadlock are mutual exclusion; hold and wait; no preemption; and circular wait. This statement is:,Computer Science,true_false,medium,Operating Systems,Process Scheduling and Deadlock,1,,True,All four must hold simultaneously for deadlock to occur; removing any one prevents it.,computer,2026-27,B.Sc,false,,
Virtual memory allows processes to use disk space as an extension of RAM. This statement is:,Computer Science,true_false,easy,Operating Systems,Memory and Virtual Memory,1,,True,The page table maps virtual pages to physical frames and pages out rarely used pages.,computer,2026-27,B.Sc,false,,
List the four Coffman conditions required for deadlock.,Computer Science,short_answer,medium,Operating Systems,Process Scheduling and Deadlock,2,,Mutual exclusion; hold and wait; no preemption; and circular wait.,,computer,2026-27,B.Sc,false,,
The limit of (x squared - 1) / (x - 1) as x approaches 1 is:,Mathematics,numerical,easy,Limits and Continuity,Limit of a Function,1,,2,(x squared - 1)/(x - 1) = x + 1 and substituting x = 1 gives 2.,mathematics,2026-27,B.Sc,false,,
The limit of a function at a point describes:,Mathematics,mcq,easy,Limits and Continuity,Limit of a Function,1,The slope of the graph|The area under the curve|The maximum value of the function|The value the function approaches as x gets close to that point,D,The limit need not equal the value of the function at that point.,mathematics,2026-27,B.Sc,false,,
If the left hand limit and the right hand limit at a point are unequal then:,Mathematics,mcq,medium,Limits and Continuity,Limit of a Function,1,The function is continuous|The limit does not exist|The limit is their average|The limit is the larger one,B,Both one sided limits must exist and be equal for the limit to exist.,mathematics,2026-27,B.Sc,false,,
A limit can exist at a point where the function is not defined.,Mathematics,true_false,medium,Limits and Continuity,Limit of a Function,1,,True,The definition of a limit depends only on values near the point and not at it.,mathematics,2026-27,B.Sc,false,,
A function f is continuous at x = a when:,Mathematics,mcq,easy,Limits and Continuity,Continuity at a Point,1,The limit as x approaches a equals f(a)|f(a) is the largest value of f|The derivative at a is zero|f is defined for all real numbers,A,This requires f(a) to exist the limit to exist and the two to be equal.,mathematics,2026-27,B.Sc,false,,
Which function is discontinuous at x = 0?,Mathematics,mcq,easy,Limits and Continuity,Continuity at a Point,1,f(x) = x squared|f(x) = sin x|f(x) = x + 3|f(x) = 1 / x,D,It tends to infinity as x approaches zero so the limit does not exist.,mathematics,2026-27,B.Sc,false,,
Every polynomial function is continuous at every real number.,Mathematics,true_false,easy,Limits and Continuity,Continuity at a Point,1,,True,Polynomials have no breaks jumps or holes on the real line.,mathematics,2026-27,B.Sc,false,,
State the three conditions for the continuity of a function at a point.,Mathematics,short_answer,medium,Limits and Continuity,Continuity at a Point,2,,f(a) must be defined; the limit of f(x) as x approaches a must exist; and that limit must equal f(a).,,mathematics,2026-27,B.Sc,false,,
The limit of (sin x) / x as x approaches 0 is:,Mathematics,numerical,easy,Limits and Continuity,Standard Limits and Theorems,1,,1,This is a standard limit proved geometrically using the sandwich theorem.,mathematics,2026-27,B.Sc,false,,
The limit of (1 + 1/n) raised to the power n as n approaches infinity is:,Mathematics,mcq,easy,Limits and Continuity,Standard Limits and Theorems,1,0|infinity|e|1,C,This is the standard definition of the number e.,mathematics,2026-27,B.Sc,false,,
The intermediate value theorem applies to functions that are:,Mathematics,mcq,medium,Limits and Continuity,Standard Limits and Theorems,1,Continuous on a closed interval|Differentiable everywhere|Bounded and monotonic|Defined only at rational points,A,It guarantees every intermediate value is attained on that interval.,mathematics,2026-27,B.Sc,false,,
The sandwich theorem is used to evaluate limits by bounding a function between two others.,Mathematics,true_false,medium,Limits and Continuity,Standard Limits and Theorems,1,,True,If both bounding functions have the same limit the middle one must have it too.,mathematics,2026-27,B.Sc,false,,
The derivative of x cubed from first principles is:,Mathematics,mcq,easy,Differentiation,Derivative from First Principles,1,3x|x cubed divided by 3|3 x squared|x squared,C,Expanding (x + h) cubed and letting h tend to zero leaves 3 x squared.,mathematics,2026-27,B.Sc,false,,
The derivative from first principles is defined as the limit of:,Mathematics,mcq,easy,Differentiation,Derivative from First Principles,1,h divided by f(x)|f(x + h) - f(x) all over h as h approaches 0|f(x) times h|f(x + h) plus f(x),B,It measures the instantaneous rate of change.,mathematics,2026-27,B.Sc,false,,
The derivative of sin x from first principles is:,Mathematics,mcq,easy,Differentiation,Derivative from First Principles,1,tan x|cos x|-sin x|-cos x,B,It follows by expanding sin(x + h) and using standard limits.,mathematics,2026-27,B.Sc,false,,
Geometrically the derivative at a point gives the slope of the tangent there.,Mathematics,true_false,easy,Differentiation,Derivative from First Principles,1,,True,The tangent line at x = a has slope f'(a).,mathematics,2026-27,B.Sc,false,,
The derivative of a product of two functions is given by the:,Mathematics,mcq,easy,Differentiation,Rules of Differentiation,1,Product rule|Chain rule|Quotient rule|Mean value theorem,A,d(uv)/dx = u dv/dx + v du/dx.,mathematics,2026-27,B.Sc,false,,
The chain rule is used when differentiating:,Mathematics,mcq,easy,Differentiation,Rules of Differentiation,1,A sum of two functions|An implicit relation only|A composite function|A constant function,C,dy/dx = dy/du times du/dx.,mathematics,2026-27,B.Sc,false,,
The derivative of e raised to 2x with respect to x is:,Mathematics,mcq,medium,Differentiation,Rules of Differentiation,1,e raised to 2x|2x e raised to 2x|e raised to x|2 e raised to 2x,D,The chain rule multiplies by the derivative of the inner function 2x.,mathematics,2026-27,B.Sc,false,,
Differentiate y = x squared times sin x using the product rule.,Mathematics,short_answer,medium,Differentiation,Rules of Differentiation,2,,dy/dx = x squared cos x + 2x sin x.,,mathematics,2026-27,B.Sc,false,,
At a local maximum of a differentiable function the first derivative is:,Mathematics,mcq,easy,Differentiation,Applications of Derivatives,1,Negative|Undefined|Zero|Positive,C,Such points are called stationary or critical points.,mathematics,2026-27,B.Sc,false,,
If the derivative equals zero and the second derivative is negative at a point then the point is a:,Mathematics,mcq,easy,Differentiation,Applications of Derivatives,1,Point of inflection|Vertical asymptote|Local maximum|Local minimum,C,A positive second derivative would indicate a local minimum.,mathematics,2026-27,B.Sc,false,,
A function is strictly increasing on an interval when its derivative there is:,Mathematics,mcq,easy,Differentiation,Applications of Derivatives,1,Positive|Zero|Negative|Constant,A,The graph rises as x increases.,mathematics,2026-27,B.Sc,false,,
Find the stationary points of f(x) = x cubed - 3x and classify them.,Mathematics,short_answer,hard,Differentiation,Applications of Derivatives,2,,f'(x) = 3x squared - 3 = 0 gives x = 1 and x = -1. The second derivative 6x is positive at x = 1 so it is a local minimum and negative at x = -1 so it is a local maximum.,,mathematics,2026-27,B.Sc,false,,
The indefinite integral of 2x with respect to x is:,Mathematics,mcq,easy,Integration,Indefinite Integrals,1,2 + C|x squared + C|2 x squared + C|x + C,B,The constant C appears because any constant differentiates to zero.,mathematics,2026-27,B.Sc,false,,
The integral of 1 / x dx is:,Mathematics,mcq,easy,Integration,Indefinite Integrals,1,1 / x squared + C|e raised to x + C|log x absolute value + C|x log x + C,C,It is a standard result valid for x not equal to zero.,mathematics,2026-27,B.Sc,false,,
Integration is the reverse process of differentiation.,Mathematics,true_false,easy,Integration,Indefinite Integrals,1,,True,For this reason it is also called antidifferentiation.,mathematics,2026-27,B.Sc,false,,
Evaluate the indefinite integral of (3 x squared + 2x) dx.,Mathematics,short_answer,easy,Integration,Indefinite Integrals,2,,x cubed + x squared + C.,,mathematics,2026-27,B.Sc,false,,
Which technique is used to integrate a product of an algebraic and a trigonometric function?,Mathematics,mcq,easy,Integration,Techniques of Integration,1,Completing the square|Substitution of x = 1/t|Integration by parts|Partial fractions,C,The formula comes from the product rule of differentiation.,mathematics,2026-27,B.Sc,false,,
The method of partial fractions is used to integrate:,Mathematics,mcq,easy,Integration,Techniques of Integration,1,Trigonometric identities|Exponential products|Logarithmic derivatives|Rational functions,D,The rational function is first decomposed into simpler fractions.,mathematics,2026-27,B.Sc,false,,
Integration by substitution reverses which rule of differentiation?,Mathematics,mcq,medium,Integration,Techniques of Integration,1,The power rule|The chain rule|The product rule|The quotient rule,B,The inner function is replaced by a new variable.,mathematics,2026-27,B.Sc,false,,
State the formula for integration by parts.,Mathematics,short_answer,medium,Integration,Techniques of Integration,2,,The integral of u dv = uv - the integral of v du where u and v are functions of x.,,mathematics,2026-27,B.Sc,false,,
The definite integral of 3x squared dx from 0 to 2 equals:,Mathematics,numerical,easy,Integration,Definite Integrals and Fundamental Theorem,1,,8,The antiderivative is x cubed and 2 cubed - 0 cubed = 8.,mathematics,2026-27,B.Sc,false,,
The fundamental theorem of calculus connects:,Mathematics,mcq,easy,Integration,Definite Integrals and Fundamental Theorem,1,Limits and continuity|Algebra and geometry|Sequences and series|Differentiation and integration,D,It states that integration of a derivative returns the original function.,mathematics,2026-27,B.Sc,false,,
A definite integral represents geometrically:,Mathematics,mcq,easy,Integration,Definite Integrals and Fundamental Theorem,1,The length of the curve only|The volume of revolution only|The signed area between the curve and the x axis|The slope of the tangent,C,Areas below the axis count as negative.,mathematics,2026-27,B.Sc,false,,
The value of a definite integral changes when the variable of integration is renamed.,Mathematics,true_false,medium,Integration,Definite Integrals and Fundamental Theorem,1,,False,The variable is a dummy variable so the value is unaffected.,mathematics,2026-27,B.Sc,false,,
The order of a differential equation is:,Mathematics,mcq,easy,Differential Equations,Order Degree and Formation,1,The order of the highest derivative present|The highest power of the unknown function|The number of terms|The power of the highest derivative,A,The degree is the power of the highest order derivative once the equation is polynomial.,mathematics,2026-27,B.Sc,false,,
What are the order and degree of d squared y / dx squared + (dy/dx) cubed = 0?,Mathematics,mcq,medium,Differential Equations,Order Degree and Formation,1,Order 1 and degree 2|Order 3 and degree 2|Order 2 and degree 1|Order 2 and degree 3,C,The highest derivative is second order and it appears to the first power.,mathematics,2026-27,B.Sc,false,,
A differential equation is formed by eliminating arbitrary constants from a family of curves.,Mathematics,true_false,easy,Differential Equations,Order Degree and Formation,1,,True,The number of constants eliminated gives the order of the equation.,mathematics,2026-27,B.Sc,false,,
Form the differential equation of the family of straight lines y = mx + c.,Mathematics,short_answer,medium,Differential Equations,Order Degree and Formation,2,,Differentiating twice gives d squared y / dx squared = 0 since both m and c are eliminated.,,mathematics,2026-27,B.Sc,false,,
A first order linear differential equation has the standard form:,Mathematics,mcq,easy,Differential Equations,First Order Linear Equations,1,d squared y / dx squared = 0|dy/dx + y squared = 0|dy/dx + P(x) y = Q(x)|dy/dx = y squared,C,P and Q are functions of x alone.,mathematics,2026-27,B.Sc,false,,
The integrating factor of dy/dx + P y = Q is:,Mathematics,mcq,easy,Differential Equations,First Order Linear Equations,1,log P|P divided by Q|e raised to the integral of P dx|The integral of P dx,C,Multiplying through by it makes the left side an exact derivative.,mathematics,2026-27,B.Sc,false,,
Solve dy/dx = y given y(0) = 1.,Mathematics,short_answer,medium,Differential Equations,First Order Linear Equations,2,,y = e raised to x,Separating variables gives log y = x + C and y(0) = 1 gives C = 0 so y = e raised to x.,mathematics,2026-27,B.Sc,false,,
The equation dy/dx = y / x is solved by separating the variables.,Mathematics,true_false,easy,Differential Equations,First Order Linear Equations,1,,True,It gives log y = log x + C so y = Cx.,mathematics,2026-27,B.Sc,false,,
The general solution of a second order linear homogeneous equation contains:,Mathematics,mcq,easy,Differential Equations,Higher Order Equations and Applications,1,One arbitrary constant|No arbitrary constants|Three arbitrary constants|Two arbitrary constants,D,The number of constants equals the order of the equation.,mathematics,2026-27,B.Sc,false,,
The complementary function of d squared y / dx squared - 4y = 0 is:,Mathematics,mcq,medium,Differential Equations,Higher Order Equations and Applications,1,C1 e raised to 4x|C1 sin 2x + C2 cos 2x|C1 x + C2|C1 e raised to 2x + C2 e raised to -2x,D,The auxiliary equation m squared - 4 = 0 has roots 2 and -2.,mathematics,2026-27,B.Sc,false,,
Which is a real world application of differential equations?,Mathematics,mcq,easy,Differential Equations,Higher Order Equations and Applications,1,Solving a system of linear equations by elimination|Modelling population growth|Computing the mean of a data set|Drawing a histogram,B,Exponential growth and decay laws are written as differential equations.,mathematics,2026-27,B.Sc,false,,
Explain the difference between a general solution and a particular solution.,Mathematics,short_answer,medium,Differential Equations,Higher Order Equations and Applications,2,,The general solution contains arbitrary constants and represents the whole family of solutions while a particular solution is obtained from it by applying initial or boundary conditions.,,mathematics,2026-27,B.Sc,false,,
The speed of light in vacuum is approximately:,Physics,numerical,easy,Waves and Optics,Wave Motion and Huygens Principle,1,,300000000,3 x 10 raised to 8 metres per second.,physics,2026-27,B.Sc,false,,
Huygens principle states that every point on a wavefront acts as:,Physics,mcq,easy,Waves and Optics,Wave Motion and Huygens Principle,1,A point of maximum intensity|A reflector of the wave|A source of secondary wavelets|A node of zero amplitude,C,The new wavefront is the envelope of these secondary wavelets.,physics,2026-27,B.Sc,false,,
The speed of a wave equals the product of its frequency and wavelength.,Physics,true_false,easy,Waves and Optics,Wave Motion and Huygens Principle,1,,True,v = f times lambda for all periodic waves.,physics,2026-27,B.Sc,false,,
Explain how Huygens principle accounts for refraction.,Physics,short_answer,medium,Waves and Optics,Wave Motion and Huygens Principle,2,,When a plane wavefront enters a denser medium the secondary wavelets on that side travel more slowly so the wavefront bends towards the normal giving Snell's law.,,physics,2026-27,B.Sc,false,,
The image formed by a plane mirror is:,Physics,mcq,easy,Waves and Optics,Reflection Refraction and Mirrors,1,Virtual erect and of the same size|Real and inverted|Magnified and virtual|Diminished and real,A,It is laterally inverted and lies as far behind the mirror as the object is in front.,physics,2026-27,B.Sc,false,,
Snell's law of refraction relates:,Physics,mcq,easy,Waves and Optics,Reflection Refraction and Mirrors,1,Intensity to distance|The sine of the angle of incidence to the sine of the angle of refraction|The angles of reflection only|Frequency to wavelength,B,The ratio of the sines is the refractive index of the second medium.,physics,2026-27,B.Sc,false,,
The splitting of white light into colours by a prism is called:,Physics,mcq,easy,Waves and Optics,Reflection Refraction and Mirrors,1,Polarisation|Interference|Dispersion|Diffraction,C,It happens because the refractive index depends on wavelength.,physics,2026-27,B.Sc,false,,
The mirror used as a rear view mirror in vehicles is:,Physics,mcq,medium,Waves and Optics,Reflection Refraction and Mirrors,1,Plane|Parabolic|Convex|Concave,C,It gives an erect diminished image with a wide field of view.,physics,2026-27,B.Sc,false,,
Young's double slit experiment demonstrates:,Physics,mcq,easy,Waves and Optics,Interference and Diffraction,1,The photoelectric effect|Total internal reflection|The wave nature of light|The particle nature of light,C,It produced a pattern of bright and dark fringes.,physics,2026-27,B.Sc,false,,
In the double slit experiment bright fringes occur where the path difference is:,Physics,mcq,medium,Waves and Optics,Interference and Diffraction,1,Always zero|A quarter wavelength|A whole number multiple of the wavelength|An odd multiple of half the wavelength,C,Constructive interference needs a path difference of n lambda.,physics,2026-27,B.Sc,false,,
Diffraction is the bending of light around the edges of an obstacle.,Physics,true_false,easy,Waves and Optics,Interference and Diffraction,1,,True,It is most pronounced when the obstacle is comparable in size to the wavelength.,physics,2026-27,B.Sc,false,,
State the conditions required for sustained interference of light.,Physics,short_answer,hard,Waves and Optics,Interference and Diffraction,2,,The two sources must be coherent with a constant phase difference; they should be monochromatic; their amplitudes should be nearly equal; and they must be close together.,,physics,2026-27,B.Sc,false,,
Ohm's law states that at constant temperature the current through a conductor is:,Physics,mcq,easy,Electricity and Magnetism,Ohms Law and Circuits,1,Directly proportional to the potential difference across it|Inversely proportional to the potential difference|Independent of the potential difference|Equal to the resistance,A,V = IR where R is the constant of proportionality.,physics,2026-27,B.Sc,false,,
The unit of electrical resistance is the:,Physics,mcq,easy,Electricity and Magnetism,Ohms Law and Circuits,1,Watt|Ohm|Volt|Ampere,B,One ohm equals one volt per ampere.,physics,2026-27,B.Sc,false,,
Kirchhoff's junction rule is a statement of the conservation of:,Physics,mcq,medium,Electricity and Magnetism,Ohms Law and Circuits,1,Momentum|Mass|Charge|Energy,C,The loop rule on the other hand follows from conservation of energy.,physics,2026-27,B.Sc,false,,
A current of 2 amperes flows through a resistance of 5 ohms. The potential difference is:,Physics,numerical,easy,Electricity and Magnetism,Ohms Law and Circuits,1,,10,V = IR = 2 x 5 = 10 volts.,physics,2026-27,B.Sc,false,,
Coulomb's law states that the force between two point charges varies:,Physics,mcq,easy,Electricity and Magnetism,Electrostatics and Capacitance,1,Inversely as the distance|Independently of the distance|Inversely as the square of the distance between them|Directly as the square of the distance,C,It is directly proportional to the product of the charges.,physics,2026-27,B.Sc,false,,
The unit of capacitance is the:,Physics,mcq,easy,Electricity and Magnetism,Electrostatics and Capacitance,1,Ohm|Coulomb|Farad|Henry,C,One farad is one coulomb per volt.,physics,2026-27,B.Sc,false,,
Electric field lines never intersect each other.,Physics,true_false,medium,Electricity and Magnetism,Electrostatics and Capacitance,1,,True,If they did the field would have two directions at the point of intersection.,physics,2026-27,B.Sc,false,,
Two capacitors of 4 microfarad and 6 microfarad are connected in parallel. The equivalent capacitance is:,Physics,numerical,medium,Electricity and Magnetism,Electrostatics and Capacitance,1,,10,Capacitances in parallel add so 4 + 6 = 10 microfarad.,physics,2026-27,B.Sc,false,,
The magnetic force on a moving charge is given by:,Physics,mcq,easy,Electricity and Magnetism,Magnetic Effects and Induction,1,q times E|q divided by v|m times a|q times v cross B,D,It is perpendicular to both the velocity and the field.,physics,2026-27,B.Sc,false,,
The unit of inductance is the:,Physics,mcq,easy,Electricity and Magnetism,Magnetic Effects and Induction,1,Henry|Farad|Tesla|Weber,A,The unit of magnetic flux density is the tesla and of flux the weber.,physics,2026-27,B.Sc,false,,
Faraday's law of electromagnetic induction states that the induced emf equals:,Physics,mcq,medium,Electricity and Magnetism,Magnetic Effects and Induction,1,The rate of change of charge|The negative rate of change of magnetic flux|The magnetic flux itself|The product of flux and current,B,The negative sign is Lenz's law and shows that the induced emf opposes the change.,physics,2026-27,B.Sc,false,,
State Lenz's law and explain what it is a consequence of.,Physics,short_answer,medium,Electricity and Magnetism,Magnetic Effects and Induction,2,,The direction of the induced current is such that it opposes the change in magnetic flux that produced it. It is a consequence of the conservation of energy.,,physics,2026-27,B.Sc,false,,
In the photoelectric effect the maximum kinetic energy of the emitted electrons depends on:,Physics,mcq,easy,Modern Physics,Photoelectric Effect and Photons,1,The intensity of the incident light|The duration of exposure|The area of the metal plate|The frequency of the incident light,D,Intensity affects only the number of electrons emitted.,physics,2026-27,B.Sc,false,,
The minimum frequency of light needed to eject electrons from a metal is called the:,Physics,mcq,easy,Modern Physics,Photoelectric Effect and Photons,1,Stopping potential|Threshold frequency|Cut off wavelength|Work function,B,Below it no emission occurs however intense the light.,physics,2026-27,B.Sc,false,,
The energy of a photon of frequency f is:,Physics,mcq,easy,Modern Physics,Photoelectric Effect and Photons,1,h divided by f|f divided by h|h times f squared|h times f,D,h is Planck's constant with value 6.626 x 10 raised to -34 joule second.,physics,2026-27,B.Sc,false,,
Einstein explained the photoelectric effect by treating light as a stream of particles called photons.,Physics,true_false,easy,Modern Physics,Photoelectric Effect and Photons,1,,True,He received the Nobel Prize in 1921 for this work.,physics,2026-27,B.Sc,false,,
In the Bohr model electrons revolve in:,Physics,mcq,easy,Modern Physics,Atomic Models and Spectra,1,Orbits that decay continuously|Certain allowed stationary orbits without radiating energy|Any orbit they choose|A single fixed orbit only,B,Radiation is emitted only when an electron jumps between these orbits.,physics,2026-27,B.Sc,false,,
The angular momentum of an electron in the nth Bohr orbit is quantised in multiples of:,Physics,mcq,medium,Modern Physics,Atomic Models and Spectra,1,2 pi h|h divided by 4 pi|h divided by 2 pi|h,C,L = n h / 2 pi is Bohr's quantisation condition.,physics,2026-27,B.Sc,false,,
The Rutherford scattering experiment led to the discovery of:,Physics,mcq,easy,Modern Physics,Atomic Models and Spectra,1,The electron|The neutron|The proton charge|The atomic nucleus,D,Most alpha particles passed straight through showing the atom is mostly empty space.,physics,2026-27,B.Sc,false,,
The Balmer series of the hydrogen spectrum lies in the:,Physics,mcq,easy,Modern Physics,Atomic Models and Spectra,1,Infrared region|X ray region|Visible region|Ultraviolet region,C,The Lyman series is ultraviolet and the Paschen series infrared.,physics,2026-27,B.Sc,false,,
The fission of uranium 235 is usually initiated by:,Physics,mcq,easy,Modern Physics,Nuclear Physics and Uncertainty,1,A gamma photon|An alpha particle|A slow neutron|A fast proton,C,It releases further neutrons making a chain reaction possible.,physics,2026-27,B.Sc,false,,
The energy released in a nuclear reaction comes from:,Physics,mcq,easy,Modern Physics,Nuclear Physics and Uncertainty,1,The mass defect converted according to E = m c squared|Chemical bond breaking|Electron transitions|Friction between nucleons,A,The mass defect is the difference between the sum of the nucleon masses and the nuclear mass.,physics,2026-27,B.Sc,false,,
Heisenberg's uncertainty principle states that:,Physics,mcq,medium,Modern Physics,Nuclear Physics and Uncertainty,1,Energy is always conserved|Electrons move in fixed orbits|Light is only a wave|Position and momentum cannot both be measured exactly at the same time,D,The product of the uncertainties is at least h / 4 pi.,physics,2026-27,B.Sc,false,,
Nuclear fusion releases energy by combining light nuclei into heavier ones.,Physics,true_false,easy,Modern Physics,Nuclear Physics and Uncertainty,1,,True,It powers the sun and needs extremely high temperatures.,physics,2026-27,B.Sc,false,,
The first law of thermodynamics is a statement of the conservation of:,Physics,mcq,easy,Thermodynamics,First Law and Thermodynamic Processes,1,Mass|Momentum|Charge|Energy,D,It is written as dQ = dU + dW.,physics,2026-27,B.Sc,false,,
In an isothermal process of an ideal gas the quantity that remains constant is:,Physics,mcq,easy,Thermodynamics,First Law and Thermodynamic Processes,1,Entropy|Temperature|Pressure|Volume,B,An adiabatic process keeps heat exchange zero and an isobaric one keeps pressure constant.,physics,2026-27,B.Sc,false,,
For an isochoric process the work done by the gas is:,Physics,numerical,easy,Thermodynamics,First Law and Thermodynamic Processes,1,,0,The volume does not change so P dV = 0 and all the heat raises the internal energy.,physics,2026-27,B.Sc,false,,
The internal energy of an ideal gas depends only on its temperature.,Physics,true_false,medium,Thermodynamics,First Law and Thermodynamic Processes,1,,True,It is independent of pressure and volume for an ideal gas.,physics,2026-27,B.Sc,false,,
The second law of thermodynamics implies that heat cannot:,Physics,mcq,easy,Thermodynamics,Second Law and Entropy,1,Be converted into work at all|Exist in a reversible process|Flow by itself from a colder to a hotter body|Flow from hot to cold,C,This is the Clausius statement of the law.,physics,2026-27,B.Sc,false,,
Entropy is a measure of:,Physics,mcq,easy,Thermodynamics,Second Law and Entropy,1,The pressure of a gas|The volume of a container|The disorder or randomness of a system|The temperature of a system,C,In an isolated system it never decreases.,physics,2026-27,B.Sc,false,,
The efficiency of any heat engine can reach one hundred percent.,Physics,true_false,medium,Thermodynamics,Second Law and Entropy,1,,False,The Kelvin Planck statement forbids converting all absorbed heat into work in a cycle.,physics,2026-27,B.Sc,false,,
State the Kelvin Planck statement of the second law.,Physics,short_answer,medium,Thermodynamics,Second Law and Entropy,2,,No heat engine operating in a cycle can convert the whole of the heat absorbed from a single reservoir into work without rejecting some heat to a colder reservoir.,,physics,2026-27,B.Sc,false,,
The Carnot engine is an ideal reversible engine working between:,Physics,mcq,easy,Thermodynamics,Carnot Engine and Absolute Zero,1,Two heat reservoirs at different temperatures|A single reservoir|Three reservoirs|Reservoirs at equal temperature,A,Its cycle has two isothermal and two adiabatic stages.,physics,2026-27,B.Sc,false,,
The efficiency of a Carnot engine depends only on:,Physics,mcq,easy,Thermodynamics,Carnot Engine and Absolute Zero,1,The working substance|The size of the engine|The pressure of the gas|The temperatures of the source and the sink,D,Efficiency = 1 - T sink / T source.,physics,2026-27,B.Sc,false,,
Absolute zero on the Kelvin scale is:,Physics,numerical,easy,Thermodynamics,Carnot Engine and Absolute Zero,1,,0,Zero kelvin equals minus 273.15 degrees Celsius.,physics,2026-27,B.Sc,false,,
A Carnot engine operates between 400 K and 300 K. Its efficiency in percent is:,Physics,numerical,medium,Thermodynamics,Carnot Engine and Absolute Zero,1,,25,1 - 300/400 = 0.25 so 25 percent.,physics,2026-27,B.Sc,false,,
A covalent bond is formed by:,Chemistry,mcq,easy,Chemical Bonding,Ionic and Covalent Bonds,1,Hydrogen attraction alone|The sharing of electron pairs between atoms|The transfer of electrons|The attraction between a sea of electrons and cations,B,It usually forms between non metal atoms.,chemistry,2026-27,B.Sc,false,,
An ionic bond forms between atoms whose electronegativity difference is:,Chemistry,mcq,easy,Chemical Bonding,Ionic and Covalent Bonds,1,Large usually greater than 1.7|Very small|Exactly zero|Always less than 0.5,A,Electrons are transferred from the metal to the non metal.,chemistry,2026-27,B.Sc,false,,
Which compound contains an ionic bond?,Chemistry,mcq,easy,Chemical Bonding,Ionic and Covalent Bonds,1,Water|Sodium chloride|Hydrogen chloride|Methane,B,It consists of Na+ and Cl- ions held together electrostatically.,chemistry,2026-27,B.Sc,false,,
Ionic compounds conduct electricity in the solid state.,Chemistry,true_false,medium,Chemical Bonding,Ionic and Covalent Bonds,1,,False,The ions are fixed in a lattice; they conduct only when molten or in solution.,chemistry,2026-27,B.Sc,false,,
The shape of the methane molecule is:,Chemistry,mcq,easy,Chemical Bonding,Molecular Geometry and VSEPR,1,Octahedral|Tetrahedral|Trigonal planar|Linear,B,Four bond pairs arrange themselves at 109.5 degrees.,chemistry,2026-27,B.Sc,false,,
VSEPR theory predicts molecular shape based on:,Chemistry,mcq,easy,Chemical Bonding,Molecular Geometry and VSEPR,1,The mass of the atoms|The number of protons|The colour of the compound|Repulsion between valence shell electron pairs,D,Electron pairs arrange themselves as far apart as possible.,chemistry,2026-27,B.Sc,false,,
Water is bent rather than linear because it has:,Chemistry,mcq,medium,Chemical Bonding,Molecular Geometry and VSEPR,1,Two lone pairs on the oxygen|No lone pairs|Four bond pairs|An ionic bond,A,Lone pair repulsion compresses the bond angle to about 104.5 degrees.,chemistry,2026-27,B.Sc,false,,
State the shape and bond angle of ammonia using VSEPR theory.,Chemistry,short_answer,medium,Chemical Bonding,Molecular Geometry and VSEPR,2,,Ammonia has three bond pairs and one lone pair so it is pyramidal with a bond angle of about 107 degrees.,,chemistry,2026-27,B.Sc,false,,
Hydrogen bonding occurs when hydrogen is bonded to an atom that is:,Chemistry,mcq,easy,Chemical Bonding,Hydrogen Bonding and Intermolecular Forces,1,Highly electronegative such as fluorine oxygen or nitrogen|A metal|Positively charged|In the same period,A,The electronegative atom pulls electron density away from the hydrogen.,chemistry,2026-27,B.Sc,false,,
Which intermolecular force is the weakest?,Chemistry,mcq,easy,Chemical Bonding,Hydrogen Bonding and Intermolecular Forces,1,Hydrogen bonds|Dipole dipole forces|Ion dipole forces|London dispersion forces,D,They arise from temporary fluctuations in electron density.,chemistry,2026-27,B.Sc,false,,
The unusually high boiling point of water is due to:,Chemistry,mcq,easy,Chemical Bonding,Hydrogen Bonding and Intermolecular Forces,1,Extensive hydrogen bonding|Its ionic character|London forces alone|Its low molecular mass,A,More energy is needed to separate the molecules.,chemistry,2026-27,B.Sc,false,,
Hydrogen bonding explains why ice floats on water.,Chemistry,true_false,medium,Chemical Bonding,Hydrogen Bonding and Intermolecular Forces,1,,True,The open hydrogen bonded lattice makes ice less dense than liquid water.,chemistry,2026-27,B.Sc,false,,
Enthalpy change of a reaction is defined at:,Chemistry,mcq,easy,Chemical Thermodynamics,Enthalpy and Hesss Law,1,Constant entropy|Constant pressure|Constant volume|Constant temperature only,B,At constant pressure the heat exchanged equals the change in enthalpy.,chemistry,2026-27,B.Sc,false,,
Hess's law states that the enthalpy change of a reaction depends only on:,Chemistry,mcq,easy,Chemical Thermodynamics,Enthalpy and Hesss Law,1,The initial and final states|The path followed|The number of steps|The catalyst used,A,It follows from enthalpy being a state function.,chemistry,2026-27,B.Sc,false,,
An exothermic reaction has a:,Chemistry,mcq,easy,Chemical Thermodynamics,Enthalpy and Hesss Law,1,Enthalpy change equal to entropy|Negative enthalpy change|Positive enthalpy change|Zero enthalpy change,B,Heat is released to the surroundings.,chemistry,2026-27,B.Sc,false,,
State the first law of thermodynamics with its equation.,Chemistry,short_answer,easy,Chemical Thermodynamics,Enthalpy and Hesss Law,2,,Energy can neither be created nor destroyed but only converted from one form to another. Mathematically delta U = q + w.,,chemistry,2026-27,B.Sc,false,,
Which statement about entropy is correct?,Chemistry,mcq,easy,Chemical Thermodynamics,Entropy and Disorder,1,It is the heat capacity of a gas|The speed of a reaction|The strength of a bond|It measures the randomness or disorder of a system,D,It is a state function with units of joule per kelvin per mole.,chemistry,2026-27,B.Sc,false,,
In which process does the entropy of the system increase?,Chemistry,mcq,easy,Chemical Thermodynamics,Entropy and Disorder,1,Deposition of a gas to a solid|Melting of ice to water|Freezing of water|Condensation of steam,B,Going from solid to liquid to gas increases disorder.,chemistry,2026-27,B.Sc,false,,
For any spontaneous process in an isolated system the entropy change is:,Chemistry,mcq,medium,Chemical Thermodynamics,Entropy and Disorder,1,Zero|Undefined|Positive|Negative,C,This is the entropy statement of the second law.,chemistry,2026-27,B.Sc,false,,
The entropy of a perfect crystal at absolute zero is zero.,Chemistry,true_false,medium,Chemical Thermodynamics,Entropy and Disorder,1,,True,This is the third law of thermodynamics.,chemistry,2026-27,B.Sc,false,,
Gibbs free energy is defined as:,Chemistry,mcq,easy,Chemical Thermodynamics,Gibbs Energy and Spontaneity,1,G = H - TS|G = H + TS|G = U + PV|G = TS - H,A,At constant temperature delta G = delta H - T delta S.,chemistry,2026-27,B.Sc,false,,
A reaction is spontaneous when delta G is:,Chemistry,mcq,easy,Chemical Thermodynamics,Gibbs Energy and Spontaneity,1,Negative|Positive|Zero|Equal to delta H,A,Delta G = 0 indicates equilibrium.,chemistry,2026-27,B.Sc,false,,
At equilibrium the value of delta G for the reaction is:,Chemistry,numerical,easy,Chemical Thermodynamics,Gibbs Energy and Spontaneity,1,,0,There is no net tendency to proceed in either direction.,chemistry,2026-27,B.Sc,false,,
A reaction with a positive delta H can still be spontaneous.,Chemistry,true_false,hard,Chemical Thermodynamics,Gibbs Energy and Spontaneity,1,,True,If T delta S is large and positive it can outweigh the positive delta H.,chemistry,2026-27,B.Sc,false,,
A galvanic cell converts:,Chemistry,mcq,easy,Electrochemistry,Galvanic Cells and Electrode Potential,1,Electrical energy into chemical energy|Heat into work|Light into electricity|Chemical energy into electrical energy,D,An electrolytic cell does the opposite.,chemistry,2026-27,B.Sc,false,,
In a galvanic cell oxidation takes place at the:,Chemistry,mcq,easy,Electrochemistry,Galvanic Cells and Electrode Potential,1,Cathode|Salt bridge|External wire|Anode,D,Mnemonic: anode oxidation and cathode reduction.,chemistry,2026-27,B.Sc,false,,
The standard hydrogen electrode is assigned a potential of:,Chemistry,numerical,easy,Electrochemistry,Galvanic Cells and Electrode Potential,1,,0,Zero volt by convention and all other potentials are measured against it.,chemistry,2026-27,B.Sc,false,,
The emf of a cell equals the cathode potential minus the anode potential.,Chemistry,true_false,medium,Electrochemistry,Galvanic Cells and Electrode Potential,1,,True,E cell = E reduction cathode - E reduction anode.,chemistry,2026-27,B.Sc,false,,
The Nernst equation is used to calculate:,Chemistry,mcq,easy,Electrochemistry,Nernst Equation and Conductance,1,The electrode potential under non standard conditions|The boiling point of a solution|The rate constant of a reaction|The lattice energy,A,It relates the potential to concentration and temperature.,chemistry,2026-27,B.Sc,false,,
The unit of molar conductivity is:,Chemistry,mcq,medium,Electrochemistry,Nernst Equation and Conductance,1,S cm squared per mol|S per cm|Ohm per cm|Coulomb per volt,A,Conductance is measured in siemens.,chemistry,2026-27,B.Sc,false,,
Molar conductivity of an electrolyte increases with dilution.,Chemistry,true_false,medium,Electrochemistry,Nernst Equation and Conductance,1,,True,The ions are farther apart so interionic attraction falls.,chemistry,2026-27,B.Sc,false,,
Write the Nernst equation for a cell at 298 K.,Chemistry,short_answer,medium,Electrochemistry,Nernst Equation and Conductance,2,,E cell = E standard cell - (0.0591 / n) log Q where n is the number of electrons transferred and Q is the reaction quotient.,,chemistry,2026-27,B.Sc,false,,
Faraday's first law of electrolysis states that the mass deposited is proportional to:,Chemistry,mcq,easy,Electrochemistry,Electrolysis Faradays Laws and Corrosion,1,The volume of the cell|The colour of the electrodes|The quantity of electricity passed|The temperature of the electrolyte,C,m = ZIt where Z is the electrochemical equivalent.,chemistry,2026-27,B.Sc,false,,
One faraday of charge is approximately:,Chemistry,numerical,medium,Electrochemistry,Electrolysis Faradays Laws and Corrosion,1,,96500,96485 coulombs which is the charge on one mole of electrons.,chemistry,2026-27,B.Sc,false,,
The corrosion of iron in moist air produces:,Chemistry,mcq,easy,Electrochemistry,Electrolysis Faradays Laws and Corrosion,1,Pure metallic iron|Hydrated iron oxide known as rust|Iron chloride|Iron sulphide,B,It is an electrochemical process needing both oxygen and water.,chemistry,2026-27,B.Sc,false,,
State two methods used to prevent the corrosion of iron.,Chemistry,short_answer,easy,Electrochemistry,Electrolysis Faradays Laws and Corrosion,2,,Galvanising by coating with zinc; painting or greasing to keep out air and moisture; cathodic protection using a sacrificial anode; and alloying to form stainless steel.,,chemistry,2026-27,B.Sc,false,,
A ligand in a coordination compound is a species that:,Chemistry,mcq,easy,Coordination Compounds,Ligands and Coordination Number,1,Accepts electrons from the metal|Neutralises the charge of the complex|Forms only ionic bonds|Donates a pair of electrons to the central metal ion,D,Ligands are Lewis bases and the metal ion is a Lewis acid.,chemistry,2026-27,B.Sc,false,,
The coordination number is the number of:,Chemistry,mcq,easy,Coordination Compounds,Ligands and Coordination Number,1,Ions outside the coordination sphere|Electrons in the metal|Molecules of water of crystallisation|Ligand donor atoms directly bonded to the central metal ion,D,It commonly has values of 4 or 6.,chemistry,2026-27,B.Sc,false,,
Ethylenediamine is an example of a:,Chemistry,mcq,medium,Coordination Compounds,Ligands and Coordination Number,1,Bidentate ligand|Monodentate ligand|Neutral counter ion|Bridging ligand only,A,It has two donor nitrogen atoms that can attach to one metal ion.,chemistry,2026-27,B.Sc,false,,
The coordination entity in K4[Fe(CN)6] is written inside the square brackets.,Chemistry,true_false,easy,Coordination Compounds,Ligands and Coordination Number,1,,True,[Fe(CN)6] with charge 4- is the coordination entity and K+ lies outside it.,chemistry,2026-27,B.Sc,false,,
In naming a coordination compound the ligands are named:,Chemistry,mcq,easy,Coordination Compounds,Nomenclature and Isomerism,1,In order of their charge|Only if they are neutral|Before the central metal ion in alphabetical order|After the metal ion,C,Anionic ligands end in o and neutral ones usually keep their name.,chemistry,2026-27,B.Sc,false,,
A complex that dissociates in solution to give ions outside the coordination sphere has:,Chemistry,mcq,easy,Coordination Compounds,Nomenclature and Isomerism,1,A zero oxidation state|An ionisation sphere and a coordination sphere|Only a coordination sphere|No ligands,B,Only the ions outside the brackets ionise in solution.,chemistry,2026-27,B.Sc,false,,
Which is a type of isomerism shown by coordination compounds?,Chemistry,mcq,medium,Coordination Compounds,Nomenclature and Isomerism,1,Linkage isomerism|Optical isomerism of alkanes only|Chain isomerism|Metamerism,A,It arises when an ambidentate ligand attaches through different donor atoms.,chemistry,2026-27,B.Sc,false,,
Name the central metal ion and give the oxidation state in [Cu(NH3)4]SO4.,Chemistry,short_answer,medium,Coordination Compounds,Nomenclature and Isomerism,2,,Copper is the central metal ion in the +2 oxidation state and the complex is tetraamminecopper(II) sulphate.,,chemistry,2026-27,B.Sc,false,,
Crystal field theory explains the colour of complexes through:,Chemistry,mcq,easy,Coordination Compounds,Bonding Theories in Complexes,1,Hydrogen bonding|Ionic lattice energy|The splitting of d orbitals in the field of the ligands|Covalent bond formation,C,Electrons absorb visible light to jump between the split levels.,chemistry,2026-27,B.Sc,false,,
Valence bond theory describes complex formation in terms of:,Chemistry,mcq,medium,Coordination Compounds,Bonding Theories in Complexes,1,Electrostatic repulsion only|Molecular orbital diagrams of the ligand|Crystal lattice packing|Hybridisation of the metal orbitals,D,It also predicts the geometry and magnetic behaviour.,chemistry,2026-27,B.Sc,false,,
A complex with unpaired d electrons is:,Chemistry,mcq,easy,Coordination Compounds,Bonding Theories in Complexes,1,Ferromagnetic always|Paramagnetic|Diamagnetic|Non magnetic,B,Strong field ligands pair the electrons giving a diamagnetic low spin complex.,chemistry,2026-27,B.Sc,false,,
Explain why strong field ligands give low spin complexes.,Chemistry,short_answer,hard,Coordination Compounds,Bonding Theories in Complexes,2,,Strong field ligands cause a large splitting of the d orbitals so it is energetically cheaper for electrons to pair in the lower set than to occupy the higher set.,,chemistry,2026-27,B.Sc,false,,
A variable in programming is:,Computer Science,mcq,easy,Programming Fundamentals,Variables Data Types and Operators,1,A fixed constant|A reserved keyword|A function that returns a value|A named storage location whose value can change,D,It holds a value that can be read and reassigned during execution.,computer,2026-27,B.Sc,false,,
Which of these is an immutable data type in Python?,Computer Science,mcq,easy,Programming Fundamentals,Variables Data Types and Operators,1,Dictionary|Set|Tuple|List,C,Once created its contents cannot be changed.,computer,2026-27,B.Sc,false,,
The expression 7 // 2 in most languages using integer division evaluates to:,Computer Science,numerical,easy,Programming Fundamentals,Variables Data Types and Operators,1,,3,The // operator performs floor division discarding the remainder.,computer,2026-27,B.Sc,false,,
A compiler translates the whole program at once while an interpreter translates line by line.,Computer Science,true_false,easy,Programming Fundamentals,Variables Data Types and Operators,1,,True,This is why compiled programs generally run faster.,computer,2026-27,B.Sc,false,,
A loop that never satisfies its exit condition is called an:,Computer Science,mcq,easy,Programming Fundamentals,Control Flow and Loops,1,Counted loop|Empty loop|Infinite loop|Nested loop,C,It usually results from a loop condition that never becomes false.,computer,2026-27,B.Sc,false,,
Which statement is used to skip the rest of the current iteration of a loop?,Computer Science,mcq,easy,Programming Fundamentals,Control Flow and Loops,1,continue|break|pass|return,A,break exits the loop entirely.,computer,2026-27,B.Sc,false,,
A while loop checks its condition:,Computer Science,mcq,easy,Programming Fundamentals,Control Flow and Loops,1,Only when the body completes|Before each iteration|After each iteration|Only once at the start,B,A do while loop by contrast checks it after the body.,computer,2026-27,B.Sc,false,,
What will be printed by a loop counting from 1 to 5 that breaks when the counter equals 3?,Computer Science,short_answer,medium,Programming Fundamentals,Control Flow and Loops,2,,The loop prints 1 and 2 then breaks when the counter reaches 3 so 3 is not printed.,,computer,2026-27,B.Sc,false,,
The time complexity of binary search on a sorted array of n elements is:,Computer Science,mcq,easy,Programming Fundamentals,Functions and Complexity,1,O(n)|O(n log n)|O(n squared)|O(log n),D,The search space is halved at every comparison.,computer,2026-27,B.Sc,false,,
A function that calls itself is called a:,Computer Science,mcq,easy,Programming Fundamentals,Functions and Complexity,1,Recursive function|Iterative function|Nested function|Higher order function,A,It must have a base case to terminate.,computer,2026-27,B.Sc,false,,
The space complexity of an algorithm measures the memory it needs.,Computer Science,true_false,easy,Programming Fundamentals,Functions and Complexity,1,,True,It includes input storage and auxiliary storage used during execution.,computer,2026-27,B.Sc,false,,
State the time complexity of linear search and explain why it differs from binary search.,Computer Science,short_answer,medium,Programming Fundamentals,Functions and Complexity,2,,Linear search is O(n) because it may examine every element while binary search is O(log n) because it discards half the remaining elements at each step.,,computer,2026-27,B.Sc,false,,
A stack follows the order:,Computer Science,mcq,easy,Data Structures,Stacks and Queues,1,Last in first out|First in first out|Priority order|Random access order,A,Elements are pushed and popped at the same end called the top.,computer,2026-27,B.Sc,false,,
A queue follows the order:,Computer Science,mcq,easy,Data Structures,Stacks and Queues,1,Priority order always|First in first out|Last in first out|Last in last out,B,Insertion happens at the rear and deletion at the front.,computer,2026-27,B.Sc,false,,
Which is an application of a stack?,Computer Science,mcq,easy,Data Structures,Stacks and Queues,1,Breadth first search|Buffering data streams|Evaluating postfix expressions|Scheduling print jobs,C,Function call management and expression conversion also use stacks.,computer,2026-27,B.Sc,false,,
The operation of removing an element from a stack is called:,Computer Science,mcq,easy,Data Structures,Stacks and Queues,1,Dequeue|Pop|Push|Enqueue,B,Attempting to pop an empty stack causes an underflow.,computer,2026-27,B.Sc,false,,
In a binary search tree the left child of a node contains:,Computer Science,mcq,easy,Data Structures,Trees and Graphs,1,A value greater than the node|An equal value|Any value at random|A value less than the node,D,This ordering makes search efficient.,computer,2026-27,B.Sc,false,,
The maximum number of nodes at level k of a binary tree is:,Computer Science,mcq,medium,Data Structures,Trees and Graphs,1,k squared|k + 1|2 raised to k|2k,C,Each level can hold twice as many nodes as the one above it.,computer,2026-27,B.Sc,false,,
A tree is a connected graph without cycles.,Computer Science,true_false,easy,Data Structures,Trees and Graphs,1,,True,A tree with n nodes has exactly n - 1 edges.,computer,2026-27,B.Sc,false,,
Name the traversal that visits the root before its subtrees.,Computer Science,short_answer,easy,Data Structures,Trees and Graphs,2,,Preorder traversal visits root then left subtree then right subtree.,,computer,2026-27,B.Sc,false,,
A hash table stores key value pairs using:,Computer Science,mcq,easy,Data Structures,Hashing and Sorting,1,Sequential file positions|A hash function that maps keys to array positions|A sorted linked list|A binary tree only,B,It gives average constant time lookup.,computer,2026-27,B.Sc,false,,
A collision in hashing occurs when:,Computer Science,mcq,easy,Data Structures,Hashing and Sorting,1,The table is full of zeros|A key is not found|The hash function returns a negative number|Two keys map to the same position,D,It is handled by chaining or open addressing.,computer,2026-27,B.Sc,false,,
The worst case time complexity of quicksort is:,Computer Science,mcq,medium,Data Structures,Hashing and Sorting,1,O(n squared)|O(n log n)|O(n)|O(log n),A,It happens when the pivot chosen is always the smallest or largest element.,computer,2026-27,B.Sc,false,,
State the difference between stable and unstable sorting algorithms.,Computer Science,short_answer,medium,Data Structures,Hashing and Sorting,2,,A stable sort preserves the original relative order of equal keys while an unstable sort may change it. Merge sort is stable and quicksort is not.,,computer,2026-27,B.Sc,false,,
In the relational model a table is also called a:,Computer Science,mcq,easy,Databases and SQL,Relational Model and Keys,1,Attribute|Domain|Relation|Tuple,C,A row is a tuple and a column is an attribute.,computer,2026-27,B.Sc,false,,
A primary key in a relation must be:,Computer Science,mcq,easy,Databases and SQL,Relational Model and Keys,1,Unique but nullable|Repeated where needed|Always a numeric column|Unique and not null,D,It identifies each tuple unambiguously.,computer,2026-27,B.Sc,false,,
A foreign key is a column that refers to:,Computer Science,mcq,easy,Databases and SQL,Relational Model and Keys,1,A super key of a view|The primary key of another relation|A candidate key in the same relation|An index only,B,It enforces referential integrity between tables.,computer,2026-27,B.Sc,false,,
A relation can have more than one candidate key.,Computer Science,true_false,medium,Databases and SQL,Relational Model and Keys,1,,True,One of them is chosen as the primary key and the rest are alternate keys.,computer,2026-27,B.Sc,false,,
Which SQL command is used to retrieve data from a table?,Computer Science,mcq,easy,Databases and SQL,SQL Commands,1,CREATE|SELECT|INSERT|UPDATE,B,It is a data query language statement.,computer,2026-27,B.Sc,false,,
DDL commands include:,Computer Science,mcq,easy,Databases and SQL,SQL Commands,1,SELECT INSERT and UPDATE|GRANT and REVOKE only|COMMIT and ROLLBACK|CREATE ALTER and DROP,D,They define the structure of the database.,computer,2026-27,B.Sc,false,,
The clause used to filter groups after aggregation in SQL is:,Computer Science,mcq,medium,Databases and SQL,SQL Commands,1,WHERE|GROUP BY|ORDER BY|HAVING,D,WHERE filters rows before aggregation is applied.,computer,2026-27,B.Sc,false,,
Write a SQL command to display all students whose marks are greater than 75.,Computer Science,short_answer,easy,Databases and SQL,SQL Commands,2,,SELECT * FROM Students WHERE Marks > 75;,,computer,2026-27,B.Sc,false,,
Normalization is the process of:,Computer Science,mcq,easy,Databases and SQL,Normalization and Design,1,Organising tables to reduce redundancy and update anomalies|Adding indexes for speed|Encrypting sensitive columns|Splitting a database into files,A,It produces a set of well structured relations.,computer,2026-27,B.Sc,false,,
A relation is in second normal form when it is in first normal form and:,Computer Science,mcq,medium,Databases and SQL,Normalization and Design,1,Has only one attribute|Has no partial dependency on a composite key|Has no transitive dependency|Has no multivalued dependency,B,Third normal form further removes transitive dependencies.,computer,2026-27,B.Sc,false,,
An update anomaly occurs when the same data is repeated in many rows.,Computer Science,true_false,easy,Databases and SQL,Normalization and Design,1,,True,Changing it in one place but not others leaves the database inconsistent.,computer,2026-27,B.Sc,false,,
State the requirements for a relation to be in third normal form.,Computer Science,short_answer,medium,Databases and SQL,Normalization and Design,2,,It must be in second normal form and no non prime attribute may be transitively dependent on the primary key.,,computer,2026-27,B.Sc,false,,
An operating system manages:,Computer Science,mcq,easy,Operating Systems,OS Functions and Structure,1,Only application programs|Only the user interface|Processor memory files and input output devices|Only the hard disk,C,It acts as an interface between the user and the hardware.,computer,2026-27,B.Sc,false,,
Which of these is a type of operating system structure?,Computer Science,mcq,easy,Operating Systems,OS Functions and Structure,1,Hashed structure|Layered structure|Relational structure|Stacked structure,B,Others include monolithic microkernel and modular designs.,computer,2026-27,B.Sc,false,,
A system call is the interface between a user program and the:,Computer Science,mcq,medium,Operating Systems,OS Functions and Structure,1,Compiler|Database server|File system only|Operating system kernel,D,It requests a service such as reading a file or creating a process.,computer,2026-27,B.Sc,false,,
The operating system is an example of application software.,Computer Science,true_false,easy,Operating Systems,OS Functions and Structure,1,,False,It is system software on which applications depend.,computer,2026-27,B.Sc,false,,
Context switching is the act of:,Computer Science,mcq,easy,Operating Systems,Process Scheduling and Deadlock,1,Saving the state of one process and loading another|Restarting the computer|Terminating a process|Allocating memory to a process,A,It allows one CPU to serve many processes.,computer,2026-27,B.Sc,false,,
Which scheduling algorithm may cause starvation?,Computer Science,mcq,medium,Operating Systems,Process Scheduling and Deadlock,1,Shortest job first with equal job lengths|Priority scheduling|Round robin|First come first served,B,Low priority processes may wait indefinitely; ageing is the usual remedy.,computer,2026-27,B.Sc,false,,
The four necessary conditions for deadlock are collectively known as the:,Computer Science,mcq,easy,Operating Systems,Process Scheduling and Deadlock,1,Dijkstra conditions|Banker conditions|Coffman conditions|Peterson conditions,C,They are mutual exclusion hold and wait no preemption and circular wait.,computer,2026-27,B.Sc,false,,
State any three methods used to handle deadlock.,Computer Science,short_answer,medium,Operating Systems,Process Scheduling and Deadlock,2,,Prevention by breaking one of the necessary conditions; avoidance using the Banker's algorithm; detection and recovery by terminating processes; and ignoring the problem as in the ostrich approach.,,computer,2026-27,B.Sc,false,,
Virtual memory allows:,Computer Science,mcq,easy,Operating Systems,Memory and Virtual Memory,1,Faster CPU clock speeds|Direct access to registers|Elimination of the page table|Programs larger than physical memory to execute,D,It uses disk space to hold pages not currently in RAM.,computer,2026-27,B.Sc,false,,
The replacement of a whole process image between main memory and disk is called:,Computer Science,mcq,medium,Operating Systems,Memory and Virtual Memory,1,Compaction|Swapping|Paging|Segmentation,B,Paging moves fixed size pages rather than entire processes.,computer,2026-27,B.Sc,false,,
Thrashing occurs when the system spends more time paging than executing.,Computer Science,true_false,medium,Operating Systems,Memory and Virtual Memory,1,,True,It happens when too few frames are available to the running processes.,computer,2026-27,B.Sc,false,,
Explain the difference between paging and segmentation.,Computer Science,short_answer,hard,Operating Systems,Memory and Virtual Memory,2,,Paging divides memory into fixed size pages invisible to the programmer while segmentation divides it into variable size logical units such as functions and arrays that correspond to the program structure.,,computer,2026-27,B.Sc,false,,
